-- MySQL dump 10.13  Distrib 5.7.23-25, for debian-linux-gnu (x86_64)
--
-- Host: localhost    Database: bilit
-- ------------------------------------------------------
-- Server version	5.7.23-25

/*!40101 SET @OLD_CHARACTER_SET_CLIENT=@@CHARACTER_SET_CLIENT */;
/*!40101 SET @OLD_CHARACTER_SET_RESULTS=@@CHARACTER_SET_RESULTS */;
/*!40101 SET @OLD_COLLATION_CONNECTION=@@COLLATION_CONNECTION */;
/*!40101 SET NAMES utf8 */;
/*!40103 SET @OLD_TIME_ZONE=@@TIME_ZONE */;
/*!40103 SET TIME_ZONE='+00:00' */;
/*!40014 SET @OLD_UNIQUE_CHECKS=@@UNIQUE_CHECKS, UNIQUE_CHECKS=0 */;
/*!40014 SET @OLD_FOREIGN_KEY_CHECKS=@@FOREIGN_KEY_CHECKS, FOREIGN_KEY_CHECKS=0 */;
/*!40101 SET @OLD_SQL_MODE=@@SQL_MODE, SQL_MODE='NO_AUTO_VALUE_ON_ZERO' */;
/*!40111 SET @OLD_SQL_NOTES=@@SQL_NOTES, SQL_NOTES=0 */;
/*!50717 SELECT COUNT(*) INTO @rocksdb_has_p_s_session_variables FROM INFORMATION_SCHEMA.TABLES WHERE TABLE_SCHEMA = 'performance_schema' AND TABLE_NAME = 'session_variables' */;
/*!50717 SET @rocksdb_get_is_supported = IF (@rocksdb_has_p_s_session_variables, 'SELECT COUNT(*) INTO @rocksdb_is_supported FROM performance_schema.session_variables WHERE VARIABLE_NAME=\'rocksdb_bulk_load\'', 'SELECT 0') */;
/*!50717 PREPARE s FROM @rocksdb_get_is_supported */;
/*!50717 EXECUTE s */;
/*!50717 DEALLOCATE PREPARE s */;
/*!50717 SET @rocksdb_enable_bulk_load = IF (@rocksdb_is_supported, 'SET SESSION rocksdb_bulk_load = 1', 'SET @rocksdb_dummy_bulk_load = 0') */;
/*!50717 PREPARE s FROM @rocksdb_enable_bulk_load */;
/*!50717 EXECUTE s */;
/*!50717 DEALLOCATE PREPARE s */;

--
-- Table structure for table `backend_migration`
--

DROP TABLE IF EXISTS `backend_migration`;
/*!40101 SET @saved_cs_client     = @@character_set_client */;
/*!40101 SET character_set_client = utf8 */;
CREATE TABLE `backend_migration` (
  `version` varchar(180) NOT NULL,
  `apply_time` int(11) DEFAULT NULL,
  PRIMARY KEY (`version`)
) ENGINE=InnoDB DEFAULT CHARSET=latin1;
/*!40101 SET character_set_client = @saved_cs_client */;

--
-- Dumping data for table `backend_migration`
--

LOCK TABLES `backend_migration` WRITE;
/*!40000 ALTER TABLE `backend_migration` DISABLE KEYS */;
INSERT INTO `backend_migration` VALUES ('m000000_000000_base',1525287887),('m140209_132017_init',1525287890),('m140403_174025_create_account_table',1525287890),('m140504_113157_update_tables',1525287893),('m140504_130429_create_token_table',1525287894),('m140830_171933_fix_ip_field',1525287895),('m140830_172703_change_account_table_name',1525287895),('m141222_110026_update_ip_field',1525287895),('m141222_135246_alter_username_length',1525287896),('m150614_103145_update_social_account_table',1525287900),('m150623_212711_fix_username_notnull',1525287900),('m151218_234654_add_timezone_to_profile',1525287900),('m160929_103127_add_last_login_at_to_user_table',1525287901),('m180406_183718_add_fullname_column_cellphone_column_dob_column_gender_column_country_column_division_column_city_column_address_column_to_user_table',1525289230),('m180414_100722_create_event_general_info_table',1525723586),('m180507_193618_create_event_speaker_table',1525723739),('m180518_093733_add_media_column_to_event_general_info_table',1526637293),('m180524_202920_add_faq_column_to_event_general_info',1527193856),('m180525_055639_create_event_partner_table',1527227974),('m180531_053249_add_seat_seattings_seat_map_column_to_event_general_info',1527745062),('m180601_180224_create_event_schedule_table',1528041823),('m180604_202836_create_cart_items_table',1531083493),('m180605_072608_add_price_type_column_to_event_general_info',1528183643),('m180605_095403_create_event_price_table',1528202765),('m180615_073626_add_opening_start_hours_column_to_event_general_info',1529048411),('m180622_061150_add_location_column_to_event_general_info',1529649025),('m180622_062834_drop_country_division_city_column_from_event_general_info_table',1529649026),('m180622_080659_drop_country_division_city_column_from_user_table',1529655098),('m180622_080827_add_location_column_to_user_table',1529655192),('m180629_145059_add_sub_title_column_to_event_general_info_table',1530283902),('m180701_153129_add_tickets_qty_column_to_event_general_info_table',1530459189),('m180709_091028_create_catalog_product_table',1531145767),('m180709_160601_drop_seats_column_from_event_general_info_table',1531152427),('m180817_063927_create_sales_order_table',1534582810),('m180819_085258_add_merchant_id_column_to_catalog_product_table',1534693579),('m180819_174000_create_sales_order_item_table',1534700888),('m180819_212046_drop_ticket_type_column_from_sales_order_table',1534713704),('m180913_163627_create_message_table',1536961006),('m180913_165530_create_order_message_relation_table',1537106198),('m180926_200950_add_created_at_column_to_message_table',1538056936),('m180927_140927_add_new_column_to_order_message_relation_table',1538057478),('m181216_111019_drop_billing_address_column_from_sales_order_table',1544958660),('m181216_111148_add_billing_data_column_to_sales_order_table',1544958799),('m181216_111714_add_product_data_column_to_sales_order_item_table',1544959108),('tigrov\\country\\migrations\\m170405_112954_init',1525287903);
/*!40000 ALTER TABLE `backend_migration` ENABLE KEYS */;
UNLOCK TABLES;

--
-- Table structure for table `cart_items`
--

DROP TABLE IF EXISTS `cart_items`;
/*!40101 SET @saved_cs_client     = @@character_set_client */;
/*!40101 SET character_set_client = utf8 */;
CREATE TABLE `cart_items` (
  `user_id` int(11) unsigned NOT NULL,
  `product_id` int(11) unsigned NOT NULL,
  `quantity` int(11) unsigned NOT NULL,
  PRIMARY KEY (`user_id`,`product_id`),
  KEY `idx-cart_items-user_id` (`user_id`),
  KEY `idx-cart_items-product_id` (`product_id`)
) ENGINE=InnoDB DEFAULT CHARSET=utf8;
/*!40101 SET character_set_client = @saved_cs_client */;

--
-- Dumping data for table `cart_items`
--

LOCK TABLES `cart_items` WRITE;
/*!40000 ALTER TABLE `cart_items` DISABLE KEYS */;
INSERT INTO `cart_items` VALUES (1,150,15),(1,151,13),(1,159,3),(1,160,1),(6,151,1),(7,150,1);
/*!40000 ALTER TABLE `cart_items` ENABLE KEYS */;
UNLOCK TABLES;

--
-- Table structure for table `catalog_product`
--

DROP TABLE IF EXISTS `catalog_product`;
/*!40101 SET @saved_cs_client     = @@character_set_client */;
/*!40101 SET character_set_client = utf8 */;
CREATE TABLE `catalog_product` (
  `id` int(11) NOT NULL AUTO_INCREMENT,
  `name` text COLLATE utf8_unicode_ci NOT NULL,
  `price` decimal(15,4) NOT NULL,
  `entity_id` int(11) NOT NULL,
  `entity_type` int(3) NOT NULL,
  `entity_model` varchar(255) COLLATE utf8_unicode_ci NOT NULL,
  `price_id` int(11) NOT NULL,
  `price_model` varchar(255) COLLATE utf8_unicode_ci NOT NULL,
  `merchant_id` int(11) NOT NULL,
  PRIMARY KEY (`id`),
  KEY `idx-catalog_product-entity_id` (`entity_id`),
  KEY `idx-catalog_product-price_id` (`price_id`),
  KEY `idx-catalog_product-merchant_id` (`merchant_id`),
  CONSTRAINT `fk-catalog_product-merchant_id` FOREIGN KEY (`merchant_id`) REFERENCES `user` (`id`) ON DELETE CASCADE
) ENGINE=InnoDB AUTO_INCREMENT=163 DEFAULT CHARSET=utf8 COLLATE=utf8_unicode_ci;
/*!40101 SET character_set_client = @saved_cs_client */;

--
-- Dumping data for table `catalog_product`
--

LOCK TABLES `catalog_product` WRITE;
/*!40000 ALTER TABLE `catalog_product` DISABLE KEYS */;
INSERT INTO `catalog_product` VALUES (148,'Test Price Event__Free',0.0000,52,1,'app\\modules\\Codnitive\\Event\\models\\Event',94,'app\\modules\\Codnitive\\Event\\models\\Event\\Price',1),(149,'Event Name 38__Free',0.0000,38,1,'app\\modules\\Codnitive\\Event\\models\\Event',95,'app\\modules\\Codnitive\\Event\\models\\Event\\Price',1),(150,'new event name changed__Free',500.0000,39,1,'app\\modules\\Codnitive\\Event\\models\\Event',96,'app\\modules\\Codnitive\\Event\\models\\Event\\Price',1),(151,'new event name changed__VIP',780.0000,39,1,'app\\modules\\Codnitive\\Event\\models\\Event',97,'app\\modules\\Codnitive\\Event\\models\\Event\\Price',1),(152,'tester enven__Open',10.0000,53,1,'app\\modules\\Codnitive\\Event\\models\\Event',98,'app\\modules\\Codnitive\\Event\\models\\Event\\Price',3),(153,'tester enven__VIP',380.0000,53,1,'app\\modules\\Codnitive\\Event\\models\\Event',99,'app\\modules\\Codnitive\\Event\\models\\Event\\Price',3),(157,'new event name changed__Free',200.0000,39,1,'app\\modules\\Codnitive\\Event\\models\\Event',103,'app\\modules\\Codnitive\\Event\\models\\Event\\Price',1),(159,'Test Price Event__open',500.5000,69,1,'app\\modules\\Codnitive\\Event\\models\\Event',105,'app\\modules\\Codnitive\\Event\\models\\Event\\Price',3),(160,'Test Price Event__VIP New',780.7800,69,1,'app\\modules\\Codnitive\\Event\\models\\Event',106,'app\\modules\\Codnitive\\Event\\models\\Event\\Price',3),(161,'Test Price Event__Luxury',1000.0000,69,1,'app\\modules\\Codnitive\\Event\\models\\Event',107,'app\\modules\\Codnitive\\Event\\models\\Event\\Price',3),(162,'Test Price Event__Free',150.0000,69,1,'app\\modules\\Codnitive\\Event\\models\\Event',108,'app\\modules\\Codnitive\\Event\\models\\Event\\Price',3);
/*!40000 ALTER TABLE `catalog_product` ENABLE KEYS */;
UNLOCK TABLES;

--
-- Table structure for table `event_general_info`
--

DROP TABLE IF EXISTS `event_general_info`;
/*!40101 SET @saved_cs_client     = @@character_set_client */;
/*!40101 SET character_set_client = utf8 */;
CREATE TABLE `event_general_info` (
  `id` int(11) NOT NULL AUTO_INCREMENT,
  `user_id` int(11) NOT NULL,
  `name` varchar(255) COLLATE utf8_unicode_ci NOT NULL,
  `category` int(3) DEFAULT NULL,
  `method` int(3) DEFAULT NULL,
  `images` blob,
  `genre` blob,
  `type` blob,
  `start_date` date NOT NULL,
  `end_date` date NOT NULL,
  `description` text COLLATE utf8_unicode_ci,
  `address` varchar(512) COLLATE utf8_unicode_ci NOT NULL,
  `primary_phone` varchar(14) COLLATE utf8_unicode_ci NOT NULL,
  `secondary_phone` varchar(14) COLLATE utf8_unicode_ci DEFAULT NULL,
  `third_phone` varchar(14) COLLATE utf8_unicode_ci DEFAULT NULL,
  `email` varchar(255) COLLATE utf8_unicode_ci DEFAULT NULL,
  `media` blob,
  `faq` blob,
  `seat_settings` int(3) DEFAULT NULL,
  `seat_map` blob,
  `price_type` tinyint(1) DEFAULT NULL,
  `opening_hour` time DEFAULT NULL,
  `start_hour` time DEFAULT NULL,
  `location` text COLLATE utf8_unicode_ci NOT NULL,
  `sub_title` varchar(512) COLLATE utf8_unicode_ci DEFAULT NULL,
  `tickets_qty` int(11) DEFAULT NULL,
  PRIMARY KEY (`id`),
  KEY `idx-event_general_info-user_id` (`user_id`),
  CONSTRAINT `fk-event_general_info-user_id` FOREIGN KEY (`user_id`) REFERENCES `user` (`id`) ON DELETE CASCADE
) ENGINE=InnoDB AUTO_INCREMENT=71 DEFAULT CHARSET=utf8 COLLATE=utf8_unicode_ci;
/*!40101 SET character_set_client = @saved_cs_client */;

--
-- Dumping data for table `event_general_info`
--

LOCK TABLES `event_general_info` WRITE;
/*!40000 ALTER TABLE `event_general_info` DISABLE KEYS */;
INSERT INTO `event_general_info` VALUES (38,1,'Event Name 38',0,1,_binary '[{\"name\":\"about-us_C9E8Kf.jpg\",\"size\":22601,\"type\":\"image/jpeg\",\"save\":true}]',_binary '[\"7\",\"8\"]',_binary '[\"3\",\"6\",\"9\"]','2018-11-08','2018-11-11','<p>&nbsp;this is description here:</p>\r\n\r\n<ul>\r\n	<li>first bulet</li>\r\n	<li>second one&nbsp;</li>\r\n	<li>and finaly third</li>\r\n</ul>\r\n\r\n<p><a href=\"https://google.com\">link</a></p>\r\n','Gisha','09123456789','','','','',NULL,NULL,NULL,0,'08:00:00','08:30:00','Paris, TX, USA; Paris, TX, USA; Paris, Lamar County, Texas, TX, United States, US','First and Largest Conference',0),(39,1,'new event name changed newone',0,1,_binary '[{\"name\":\"freelancer_yamy2H.png\",\"size\":95115,\"type\":\"image/png\",\"save\":true}]',_binary '[\"1\",\"3\",\"6\"]',_binary '[\"5\",\"10\"]','2019-03-08','2019-03-12','<p>You&#39;ve inspired new consumer, racked up click-thru&#39;s, blown-up brand enes. We can&#39;t give you back the weekends you worked, or erase the pain ebeing forced to make the logo bigger. But if you submit your best work we ajusts might be able to give the chance to show you best digital marketing.</p>\r\n\r\n<p><img alt=\"\" src=\"/image/bg-1.jpg\" style=\"height:220px; margin-top:15px; width:100%\" /></p>\r\n','Gisha 41','09205203613','','','hbarza@gmail.com',_binary '[{\"name\":\"Screenshot from 2018-07-29 17-52-46_wj4DqU.png\",\"size\":80093,\"type\":\"image/png\",\"save\":true},{\"name\":\"Screenshot from 2018-08-01 10-18-40_YzPnPr.png\",\"size\":239638,\"type\":\"image/png\",\"save\":true},{\"name\":\"Screenshot from 2018-08-07 22-22-30_fVobeZ.png\",\"size\":105019,\"type\":\"image/png\",\"save\":true},{\"name\":\"Screenshot from 2018-08-08 02-08-51_q3M0Cw.png\",\"size\":140393,\"type\":\"image/png\",\"save\":true},{\"name\":\"Screenshot from 2018-08-08 22-22-53_1eOS13.png\",\"size\":230545,\"type\":\"image/png\",\"save\":true},{\"name\":\"Screenshot from 2018-08-22 17-07-56_WLcPqB.png\",\"size\":1033202,\"type\":\"image/png\",\"save\":true},{\"name\":\"Screenshot from 2018-09-15 17-42-43_a5P0P8.png\",\"size\":217876,\"type\":\"image/png\",\"save\":true},{\"name\":\"Screenshot from 2018-09-16 14-11-03_B9ZffG.png\",\"size\":167692,\"type\":\"image/png\",\"save\":true}]',_binary '{\"1\":\"first question answer\",\"2\":\"the second one\",\"3\":\"4 form old but is in three\",\"4\":\"this is new 4 in fact\",\"5\":\"the last one\"}',1,_binary '[{\"name\":\"Screenshot from 2018-08-01 10-18-40_BSkERL.png\",\"size\":239638,\"type\":\"image/png\",\"save\":true}]',1,'07:30:00','08:00:00','Paris, France; Paris, France; Paris, Paris, Île-de-France, France, FR','First & Largest Conference',86),(40,1,'Event Name',1,1,_binary '[{\"name\":\"tokyoo_KnylSW.jpg\",\"size\":35757,\"type\":\"image/jpeg\",\"save\":true}]','',_binary '[\"1\"]','2018-11-08','2018-11-10','<p>asdfasdf</p>\r\n','Gisha','09123456789','','','mail@mailer.com','',NULL,NULL,'',0,'12:00:00','12:30:00','Paris, TN, USA; Paris, TN 38242, USA; Paris, Henry County, Tennessee, TN, United States, US, 38242','this is event title',10),(42,1,'this is new event',1,1,_binary '[{\"name\":\"Tokyo_isnO97.jpg\",\"size\":213460,\"type\":\"image/jpeg\",\"save\":true}]',_binary '[\"6\"]',_binary '[\"8\",\"11\"]','2018-11-03','2018-11-06','','Address','09123456789','','','mail@mailer.com','',_binary '[\"\",\"\",\"\",\"\",\"adfasdf\"]',0,_binary '[{\"name\":\"ext_7Z4W1m.jpeg\",\"size\":176127,\"type\":\"image/jpeg\",\"save\":true}]',1,'08:30:00','08:50:00','Paris, TN, USA; Paris, TN 38242, USA; Paris, Henry County, Tennessee, TN, United States, US, 38242','Sub Title of Event',1),(49,1,'Event Name',NULL,1,_binary '[{\"name\":\"amsterdam_1.min_QLqnUC.jpg\",\"size\":32060,\"type\":\"image/jpeg\",\"save\":true}]','','','2018-09-19','2018-09-21','','Address','09123456789','','','','',NULL,NULL,'',0,'08:30:00','08:50:00','D. S. Senanayake Mawatha, Colombo, Sri Lanka; D. S. Senanayake Mawatha, Colombo, Sri Lanka; D. S. Senanayake Mawatha, Colombo 08, Colombo, Colombo, Western Province, WP, Sri Lanka, LK','First and Largest Conference',1),(51,1,'Another test event',NULL,1,_binary '[{\"name\":\"swedan_2yj4W1.jpg\",\"size\":37244,\"type\":\"image/jpeg\",\"save\":true}]','','','2018-10-31','2018-11-01','','this is address','09205203613','','','','',NULL,NULL,'',1,'20:50:00','21:00:00','New York, NY, USA; New York, NY, USA; New York, New York, NY, United States, US','this is event title',1),(52,1,'Test Price Event',NULL,1,_binary '[{\"name\":\"paaaa_QLdcKH.jpg\",\"size\":44464,\"type\":\"image/jpeg\",\"save\":true}]','','','2018-12-14','2018-12-16','<p>adsf</p>\r\n','No. 31, Gisha 41','09205203613','','','','',NULL,NULL,'',0,'20:50:00','21:00:00','Texas, USA; Texas, USA; Texas, TX, United States, US','Title',0),(53,3,'tester enven',1,1,_binary '[{\"name\":\"berlin_1.min_jxKA26.jpg\",\"size\":27364,\"type\":\"image/jpeg\",\"save\":true}]',_binary '[\"4\",\"7\"]',_binary '[\"2\",\"5\"]','2018-09-29','2018-11-10','<p>asdf</p>\r\n','No 123','09205203613','','','','',_binary '{\"1\":\"asdlkfj  ;las f\\r\\naslddfk asfj \",\"2\":\"\",\"3\":\"sljfk alskdf asldkdf adfj\\r\\nds\'fklasj flasjd ffjj \",\"4\":\"a;slkf a\\r\\nasddlkfjj aslkfjj aslkfjfj as\\r\\nddfasjd;f laksjj ff\",\"5\":\"\"}',1,_binary '[{\"name\":\"847_aIcRUV.png\",\"size\":1651520,\"type\":\"image/png\",\"save\":true}]',1,'08:45:00','08:55:00','New York, NY, USA; New York, NY, USA; New York, New York, NY, United States, US','tester title',1),(54,1,'Another test event',NULL,NULL,_binary '[{\"name\":\"\",\"size\":0,\"type\":\"\",\"save\":false}]','','','2019-01-12','2019-01-14','','No. 31, Gisha 41','09205203613','','','hbarza@gmail.com','',NULL,NULL,'',0,'08:45:00','08:55:00','Paris, France; Paris, France; Paris, Paris, Île-de-France, France, FR','this is event title',1),(55,1,'Test Price Event',NULL,NULL,_binary '[{\"name\":\"\",\"size\":0,\"type\":\"\",\"save\":false}]','','','2019-01-04','2019-01-06','','No. 31, Gisha 41','09205203613','','','hbarza@gmail.com','',NULL,NULL,'',0,'08:45:00','08:55:00','Paris, France; Paris, France; Paris, Paris, Île-de-France, France, FR','Title',1),(56,1,'new event name changed',NULL,NULL,_binary '[{\"name\":\"\",\"size\":0,\"type\":\"\",\"save\":false}]','','','2018-12-07','2018-12-10','','No. 31, Gisha 41','09205203613','','','hbarza@gmail.com','',NULL,NULL,'',0,'08:45:00','21:00:00','Paris Beauvais Airport, Tillé, France; 60000 Tillé, France; France, FR, Tillé, Oise, Hauts-de-France, 60000','this is event title',1),(57,1,'Another test event',NULL,NULL,_binary '[{\"name\":\"\",\"size\":0,\"type\":\"\",\"save\":false}]','','','2018-12-07','2018-12-11','','No. 31, Gisha 41','09205203613','','','hbarza@gmail.com','',NULL,NULL,'',0,'07:30:00','08:00:00','','this is event title',1),(58,1,'Another test eventadsff',NULL,NULL,_binary '[{\"name\":\"\",\"size\":0,\"type\":\"\",\"save\":false}]','','','2018-12-23','2018-12-25','','No. 31, Gisha 41','09205203613','','','hbarza@gmail.com','',NULL,NULL,'',0,'07:30:00','08:00:00','','this is event title',1),(59,1,'Test Price Event',NULL,NULL,_binary '[{\"name\":\"\",\"size\":0,\"type\":\"\",\"save\":false}]','','','2018-11-16','2018-11-18','','No. 31, Gisha 41','09205203613','','','hbarza@gmail.com','',NULL,NULL,'',0,'20:50:00','21:00:00','','Title',1),(60,1,'Test Price Event',NULL,NULL,_binary '[{\"name\":\"\",\"size\":0,\"type\":\"\",\"save\":false}]','','','2018-12-15','2018-12-17','','No. 31, Gisha 41','09205203613','','','hbarza@gmail.com','',NULL,NULL,'',0,'08:45:00','08:55:00','Paris Beauvais Airport, Tillé, France; 60000 Tillé, France; France, FR, Tillé, Oise, Hauts-de-France, 60000','this is event title',1),(61,1,'new event name changed',NULL,NULL,_binary '[{\"name\":\"\",\"size\":0,\"type\":\"\",\"save\":false}]','','','2018-10-04','2018-10-08','','No. 31, Gisha 41','09205203613','','','hbarza@gmail.com','',NULL,NULL,'',0,'08:45:00','08:55:00','','this is event title',1),(62,1,'Another test eventadsff',NULL,NULL,_binary '[{\"name\":\"\",\"size\":0,\"type\":\"\",\"save\":false}]','','','2019-01-12','2019-01-14','','No. 31, Gisha 41','09205203613','','','hbarza@gmail.com','',NULL,NULL,'',0,'07:30:00','08:00:00','','Title',1),(63,1,'new event name changed',NULL,NULL,_binary '[{\"name\":\"\",\"size\":0,\"type\":\"\",\"save\":false}]','','','2019-02-08','2019-02-16','','No. 31, Gisha 41','09205203613','','','hbarza@gmail.com','',NULL,NULL,'',0,'20:50:00','21:00:00','','this is event title',1),(64,1,'Test Price Event',NULL,NULL,_binary '[{\"name\":\"\",\"size\":0,\"type\":\"\",\"save\":false}]','','','2018-12-21','2018-12-23','','No. 31, Gisha 41','09205203613','','','hbarza@gmail.com','',NULL,NULL,'',0,'07:30:00','08:00:00','','Title',1),(65,1,'Another test event',NULL,NULL,_binary '[{\"name\":\"\",\"size\":0,\"type\":\"\",\"save\":false}]','','','2019-01-05','2019-01-06','','No. 31, Gisha 41','09205203613','','','hbarza@gmail.com','',NULL,NULL,'',0,'20:50:00','21:00:00','','this is event title',1),(66,1,'Test Price Event',NULL,NULL,_binary '[{\"name\":\"\",\"size\":0,\"type\":\"\",\"save\":false}]','','','2018-10-05','2018-10-09','','No. 31, Gisha 41','09205203613','','','hbarza@gmail.com','',NULL,NULL,'',0,'08:45:00','08:55:00','Paris, France; Paris, France; Paris, Paris, Île-de-France, France, FR','this is event title',1),(67,1,'Another test eventadsff',NULL,NULL,_binary '[{\"name\":\"\",\"size\":0,\"type\":\"\",\"save\":false}]','','','2018-12-15','2018-12-16','','No. 31, Gisha 41','09205203613','','','hbarza@gmail.com','',NULL,NULL,'',0,'08:45:00','08:55:00','Paris, France; Paris, France; Paris, Paris, Île-de-France, France, FR','this is event title',1),(69,1,'Test Price Event',NULL,1,_binary '[{\"name\":\"Screenshot from 2018-10-02 16-12-22_Rf8axF.png\",\"size\":254482,\"type\":\"image/png\",\"save\":true}]',NULL,NULL,'2018-10-10','2018-10-11','','No. 31, Gisha 41','09205203613','','','hbarza@gmail.com',NULL,NULL,NULL,NULL,1,'08:45:00','08:55:00','Paris, France; Paris, France; Paris, Paris, Île-de-France, France, FR','Title',1),(70,1,'Another test event',0,0,_binary '[{\"name\":\"\",\"size\":0,\"type\":\"\",\"save\":false}]',_binary '[\"1\"]',_binary '[\"1\"]','2018-10-03','2018-10-03','','No. 31, Gisha 41','09205203613','','','hbarza@gmail.com','',NULL,NULL,'',0,'08:45:00','08:55:00','Paris, France; Paris, France; Paris, Paris, Île-de-France, France, FR','First & Largest Conference',1);
/*!40000 ALTER TABLE `event_general_info` ENABLE KEYS */;
UNLOCK TABLES;

--
-- Table structure for table `event_partner`
--

DROP TABLE IF EXISTS `event_partner`;
/*!40101 SET @saved_cs_client     = @@character_set_client */;
/*!40101 SET character_set_client = utf8 */;
CREATE TABLE `event_partner` (
  `id` int(11) NOT NULL AUTO_INCREMENT,
  `event_id` int(11) NOT NULL,
  `name` varchar(255) COLLATE utf8_unicode_ci NOT NULL,
  `images` blob,
  PRIMARY KEY (`id`),
  KEY `idx-event_partner-event_id` (`event_id`),
  CONSTRAINT `fk-event_partner-event_id` FOREIGN KEY (`event_id`) REFERENCES `event_general_info` (`id`) ON DELETE CASCADE
) ENGINE=InnoDB AUTO_INCREMENT=76 DEFAULT CHARSET=utf8 COLLATE=utf8_unicode_ci;
/*!40101 SET character_set_client = @saved_cs_client */;

--
-- Dumping data for table `event_partner`
--

LOCK TABLES `event_partner` WRITE;
/*!40000 ALTER TABLE `event_partner` DISABLE KEYS */;
INSERT INTO `event_partner` VALUES (63,38,'part 1',_binary '[{\"name\":\"android (4)_qUvDNz.png\",\"size\":4819,\"type\":\"image/png\",\"save\":true}]'),(66,42,'Partner Name 1',_binary '[{\"name\":\"amsterdam_1.min_BnbT4W.jpg\",\"size\":32060,\"type\":\"image/jpeg\",\"save\":true}]'),(67,42,'part2',_binary '[{\"name\":\"bg-2_gYyLWX.jpg\",\"size\":628031,\"type\":\"image/jpeg\",\"save\":true}]'),(68,39,'Partner Name',_binary '[{\"name\":\"partner-1_fNily6.png\",\"size\":5165,\"type\":\"image/png\",\"save\":true}]'),(69,39,'partner 2',_binary '[{\"name\":\"\",\"size\":0,\"type\":\"\",\"save\":false}]'),(70,39,'partner 3',_binary '[{\"name\":\"partner-2_cTw6Hd.png\",\"size\":10380,\"type\":\"image/png\",\"save\":true}]'),(71,39,'part4',_binary '[{\"name\":\"partner-8_4gGSRk.png\",\"size\":7232,\"type\":\"image/png\",\"save\":true}]'),(72,39,'about',_binary '[{\"name\":\"partner-6_ZQNF1r.png\",\"size\":6582,\"type\":\"image/png\",\"save\":true}]'),(73,38,'part 2',_binary '[{\"name\":\"android (3)_GatcIw.png\",\"size\":2575,\"type\":\"image/png\",\"save\":true}]'),(74,53,'partner 1',_binary '[{\"name\":\"partner-4_7zDbCb.png\",\"size\":5165,\"type\":\"image/png\",\"save\":true}]'),(75,53,'part 2',_binary '[{\"name\":\"partner-8_cGZwjr.png\",\"size\":7232,\"type\":\"image/png\",\"save\":true}]');
/*!40000 ALTER TABLE `event_partner` ENABLE KEYS */;
UNLOCK TABLES;

--
-- Table structure for table `event_price`
--

DROP TABLE IF EXISTS `event_price`;
/*!40101 SET @saved_cs_client     = @@character_set_client */;
/*!40101 SET character_set_client = utf8 */;
CREATE TABLE `event_price` (
  `id` int(11) NOT NULL AUTO_INCREMENT,
  `event_id` int(11) NOT NULL,
  `category_name` varchar(255) COLLATE utf8_unicode_ci NOT NULL,
  `base_price` decimal(15,4) NOT NULL,
  `qty` int(11) NOT NULL,
  `is_popular` tinyint(1) DEFAULT NULL,
  `comment` text COLLATE utf8_unicode_ci,
  PRIMARY KEY (`id`),
  KEY `idx-event_price-event_id` (`event_id`),
  CONSTRAINT `fk-event_price-event_id` FOREIGN KEY (`event_id`) REFERENCES `event_general_info` (`id`) ON DELETE CASCADE
) ENGINE=InnoDB AUTO_INCREMENT=109 DEFAULT CHARSET=utf8 COLLATE=utf8_unicode_ci;
/*!40101 SET character_set_client = @saved_cs_client */;

--
-- Dumping data for table `event_price`
--

LOCK TABLES `event_price` WRITE;
/*!40000 ALTER TABLE `event_price` DISABLE KEYS */;
INSERT INTO `event_price` VALUES (94,52,'Free',0.0000,0,NULL,NULL),(95,38,'Free',0.0000,0,NULL,NULL),(96,39,'Free',500.0000,998,NULL,''),(97,39,'VIP',780.0000,997,1,''),(98,53,'Open',10.0000,92,NULL,''),(99,53,'VIP',380.0000,4,1,''),(103,39,'Free',200.0000,100,NULL,''),(105,69,'open',500.5000,950,NULL,''),(106,69,'VIP New',780.7800,960,NULL,''),(107,69,'Luxury',1000.0000,0,NULL,''),(108,69,'Free',150.0000,9,NULL,'');
/*!40000 ALTER TABLE `event_price` ENABLE KEYS */;
UNLOCK TABLES;

--
-- Table structure for table `event_schedule`
--

DROP TABLE IF EXISTS `event_schedule`;
/*!40101 SET @saved_cs_client     = @@character_set_client */;
/*!40101 SET character_set_client = utf8 */;
CREATE TABLE `event_schedule` (
  `id` int(11) NOT NULL AUTO_INCREMENT,
  `event_id` int(11) NOT NULL,
  `day` int(4) NOT NULL,
  `time` time DEFAULT NULL,
  `type` tinyint(1) NOT NULL,
  `title` varchar(255) COLLATE utf8_unicode_ci DEFAULT NULL,
  `speaker` int(11) DEFAULT NULL,
  `title_heading` varchar(512) COLLATE utf8_unicode_ci DEFAULT NULL,
  `description` text COLLATE utf8_unicode_ci,
  PRIMARY KEY (`id`),
  KEY `idx-event_schedule-day` (`day`),
  KEY `idx-event_schedule-time` (`time`),
  KEY `idx-event_schedule-event_id` (`event_id`),
  KEY `idx-event_schedule-speaker` (`speaker`),
  CONSTRAINT `fk-event_schedule-event_id` FOREIGN KEY (`event_id`) REFERENCES `event_general_info` (`id`) ON DELETE CASCADE,
  CONSTRAINT `fk-event_schedule-speaker` FOREIGN KEY (`speaker`) REFERENCES `event_speaker` (`id`) ON DELETE CASCADE
) ENGINE=InnoDB AUTO_INCREMENT=53 DEFAULT CHARSET=utf8 COLLATE=utf8_unicode_ci;
/*!40101 SET character_set_client = @saved_cs_client */;

--
-- Dumping data for table `event_schedule`
--

LOCK TABLES `event_schedule` WRITE;
/*!40000 ALTER TABLE `event_schedule` DISABLE KEYS */;
INSERT INTO `event_schedule` VALUES (33,42,1,'12:05:00',1,'',NULL,'',''),(34,42,2,'00:00:00',0,'',NULL,'',''),(35,42,3,'02:10:00',0,'',NULL,'',''),(36,39,1,'08:18:00',1,'title first',NULL,'title heading','<p>okjlllk</p>\r\n'),(37,39,2,'08:30:00',1,'title first',NULL,'title heading 2',''),(38,39,2,'20:40:00',0,'breakfast',42,'title heading 2 1',''),(40,39,1,'08:18:00',1,'title first',NULL,'title heading','<p>okjlllk</p>\r\n'),(41,39,2,'08:30:00',1,'title first',NULL,'title heading 2',''),(42,39,2,'13:05:00',1,'breakfast',NULL,'title heading 2 1',''),(48,51,1,'08:18:00',1,'title first',NULL,'',''),(49,51,2,'08:30:00',0,'',NULL,'',''),(50,53,1,'08:18:00',0,'',51,'title heading','<p>adfadf</p>\r\n'),(51,53,2,'08:30:00',1,'title first',NULL,'title heading 2','<p>adfasdf</p>\r\n\r\n<p>asdfasdf</p>\r\n'),(52,53,2,'13:05:00',0,'',52,'title heading 2 1','<p>adfaf</p>\r\n');
/*!40000 ALTER TABLE `event_schedule` ENABLE KEYS */;
UNLOCK TABLES;

--
-- Table structure for table `event_speaker`
--

DROP TABLE IF EXISTS `event_speaker`;
/*!40101 SET @saved_cs_client     = @@character_set_client */;
/*!40101 SET character_set_client = utf8 */;
CREATE TABLE `event_speaker` (
  `id` int(11) NOT NULL AUTO_INCREMENT,
  `user_id` int(11) NOT NULL,
  `event_id` int(11) NOT NULL,
  `name` varchar(255) COLLATE utf8_unicode_ci NOT NULL,
  `images` blob,
  `about` text COLLATE utf8_unicode_ci,
  `facebook` varchar(512) COLLATE utf8_unicode_ci DEFAULT NULL,
  `instagram` varchar(512) COLLATE utf8_unicode_ci DEFAULT NULL,
  `linkedin` varchar(512) COLLATE utf8_unicode_ci DEFAULT NULL,
  `twitter` varchar(512) COLLATE utf8_unicode_ci DEFAULT NULL,
  PRIMARY KEY (`id`),
  KEY `idx-event_speaker-user_id` (`user_id`),
  KEY `idx-event_speaker-event_id` (`event_id`),
  CONSTRAINT `fk-event_speaker-event_id` FOREIGN KEY (`event_id`) REFERENCES `event_general_info` (`id`) ON DELETE CASCADE,
  CONSTRAINT `fk-event_speaker-user_id` FOREIGN KEY (`user_id`) REFERENCES `user` (`id`) ON DELETE CASCADE
) ENGINE=InnoDB AUTO_INCREMENT=53 DEFAULT CHARSET=utf8 COLLATE=utf8_unicode_ci;
/*!40101 SET character_set_client = @saved_cs_client */;

--
-- Dumping data for table `event_speaker`
--

LOCK TABLES `event_speaker` WRITE;
/*!40000 ALTER TABLE `event_speaker` DISABLE KEYS */;
INSERT INTO `event_speaker` VALUES (39,1,42,'sp2',_binary '[{\"name\":\"apple (3)_U3pMEv.png\",\"size\":4643,\"type\":\"image/png\",\"save\":true}]','','','','',''),(40,1,42,'sp3',_binary '[{\"name\":\"\",\"size\":0,\"type\":\"\",\"save\":false}]','','','','',''),(42,1,39,'sp1',_binary '[{\"name\":\"team1_4iAq1U.jpg\",\"size\":23939,\"type\":\"image/jpeg\",\"save\":true}]','','http://facebook.com','http://insta.com/','http://linkedin.com','http://twitter.com'),(43,1,39,'name 2',_binary '[{\"name\":\"team2_cdKhEQ.jpg\",\"size\":92501,\"type\":\"image/jpeg\",\"save\":true}]','','','','','http://twitter.com'),(44,1,39,'sp3',_binary '[{\"name\":\"team3_pEhchM.jpg\",\"size\":46416,\"type\":\"image/jpeg\",\"save\":true}]','','','','http://linkedin.com/',''),(45,1,39,'sdfd',_binary '[{\"name\":\"team4_EQz8TH.jpg\",\"size\":74207,\"type\":\"image/jpeg\",\"save\":true}]','','','','',''),(46,1,39,'spkr5',_binary '[{\"name\":\"\",\"size\":0,\"type\":\"\",\"save\":false}]','<p>alkdf</p>\r\n','','','',''),(47,1,39,'spkr 6 here',_binary '[{\"name\":\"testimonial_d696wD.jpg\",\"size\":26940,\"type\":\"image/jpeg\",\"save\":true}]','','','','',''),(48,1,39,'sp7',_binary '[{\"name\":\"\",\"size\":0,\"type\":\"\",\"save\":false}]','','','','',''),(49,1,39,'sp8',_binary '[{\"name\":\"\",\"size\":0,\"type\":\"\",\"save\":false}]','','','','',''),(50,3,53,'first',_binary '[{\"name\":\"team4_znobeO.jpg\",\"size\":74207,\"type\":\"image/jpeg\",\"save\":true}]','','','','',''),(51,3,53,'sp2',_binary '[{\"name\":\"team4_3yrWg7.jpg\",\"size\":74207,\"type\":\"image/jpeg\",\"save\":true}]','','','','',''),(52,3,53,'third speaker',_binary '[{\"name\":\"testimonial_mZ1Ijq.jpg\",\"size\":26940,\"type\":\"image/jpeg\",\"save\":true}]','','','','','');
/*!40000 ALTER TABLE `event_speaker` ENABLE KEYS */;
UNLOCK TABLES;

--
-- Table structure for table `message`
--

DROP TABLE IF EXISTS `message`;
/*!40101 SET @saved_cs_client     = @@character_set_client */;
/*!40101 SET character_set_client = utf8 */;
CREATE TABLE `message` (
  `id` int(11) NOT NULL AUTO_INCREMENT,
  `merchant_id` int(11) NOT NULL,
  `message` text COLLATE utf8_unicode_ci NOT NULL,
  `created_at` timestamp NOT NULL DEFAULT CURRENT_TIMESTAMP,
  PRIMARY KEY (`id`),
  KEY `idx-message-merchant_id` (`merchant_id`),
  CONSTRAINT `fk-message-merchant_id` FOREIGN KEY (`merchant_id`) REFERENCES `user` (`id`) ON DELETE CASCADE
) ENGINE=InnoDB AUTO_INCREMENT=77 DEFAULT CHARSET=utf8 COLLATE=utf8_unicode_ci;
/*!40101 SET character_set_client = @saved_cs_client */;

--
-- Dumping data for table `message`
--

LOCK TABLES `message` WRITE;
/*!40000 ALTER TABLE `message` DISABLE KEYS */;
INSERT INTO `message` VALUES (68,1,'this is is a message','2018-09-27 14:21:10'),(69,1,'adf','2018-09-27 14:22:11'),(70,1,'ads','2018-09-27 14:22:52'),(71,1,'adfadsfadsf','2018-09-27 14:23:53'),(72,1,'adfasdf asdfadf','2018-09-27 14:24:26'),(73,1,'alsdjk fas f;alskdj ff;askdj f;laksd f;askdfj ;aslfjf a;lkfasf\r\nasd;llfk as;dlkf a;slddkfj as;lkff a;slkddjf a;sdklf ;aslkdfj ;asdlkfj asd;fk assf','2018-09-27 17:07:32'),(74,3,'this is a new message from other account tester','2018-09-28 09:07:27'),(75,3,'another new message from tester omid','2018-09-28 11:48:00'),(76,1,'ms\r\n','2018-09-30 20:22:46');
/*!40000 ALTER TABLE `message` ENABLE KEYS */;
UNLOCK TABLES;

--
-- Table structure for table `order_message_relation`
--

DROP TABLE IF EXISTS `order_message_relation`;
/*!40101 SET @saved_cs_client     = @@character_set_client */;
/*!40101 SET character_set_client = utf8 */;
CREATE TABLE `order_message_relation` (
  `id` int(11) NOT NULL AUTO_INCREMENT,
  `order_id` int(11) NOT NULL,
  `entity_id` int(11) NOT NULL,
  `entity_type` int(3) NOT NULL,
  `customer_id` int(11) NOT NULL,
  `message_id` text COLLATE utf8_unicode_ci,
  `new` tinyint(1) DEFAULT '1',
  PRIMARY KEY (`id`),
  KEY `idx-order_message_relation-order_id` (`order_id`),
  KEY `idx-order_message_relation-entity_id` (`entity_id`),
  KEY `idx-order_message_relation-entity_type` (`entity_type`),
  KEY `idx-order_message_relation-customer_id` (`customer_id`),
  CONSTRAINT `fk-order_message_relation-customer_id` FOREIGN KEY (`customer_id`) REFERENCES `user` (`id`) ON DELETE CASCADE,
  CONSTRAINT `fk-order_message_relation-order_id` FOREIGN KEY (`order_id`) REFERENCES `sales_order` (`id`) ON DELETE CASCADE
) ENGINE=InnoDB AUTO_INCREMENT=8 DEFAULT CHARSET=utf8 COLLATE=utf8_unicode_ci;
/*!40101 SET character_set_client = @saved_cs_client */;

--
-- Dumping data for table `order_message_relation`
--

LOCK TABLES `order_message_relation` WRITE;
/*!40000 ALTER TABLE `order_message_relation` DISABLE KEYS */;
INSERT INTO `order_message_relation` VALUES (5,174,39,1,1,'68,69,70,71,72,73,76',0),(6,175,53,1,1,'74,75',0),(7,178,69,1,3,NULL,0);
/*!40000 ALTER TABLE `order_message_relation` ENABLE KEYS */;
UNLOCK TABLES;

--
-- Table structure for table `profile`
--

DROP TABLE IF EXISTS `profile`;
/*!40101 SET @saved_cs_client     = @@character_set_client */;
/*!40101 SET character_set_client = utf8 */;
CREATE TABLE `profile` (
  `user_id` int(11) NOT NULL,
  `name` varchar(255) COLLATE utf8_unicode_ci DEFAULT NULL,
  `public_email` varchar(255) COLLATE utf8_unicode_ci DEFAULT NULL,
  `gravatar_email` varchar(255) COLLATE utf8_unicode_ci DEFAULT NULL,
  `gravatar_id` varchar(32) COLLATE utf8_unicode_ci DEFAULT NULL,
  `location` varchar(255) COLLATE utf8_unicode_ci DEFAULT NULL,
  `website` varchar(255) COLLATE utf8_unicode_ci DEFAULT NULL,
  `bio` text COLLATE utf8_unicode_ci,
  `timezone` varchar(40) COLLATE utf8_unicode_ci DEFAULT NULL,
  PRIMARY KEY (`user_id`),
  CONSTRAINT `fk_user_profile` FOREIGN KEY (`user_id`) REFERENCES `user` (`id`) ON DELETE CASCADE
) ENGINE=InnoDB DEFAULT CHARSET=utf8 COLLATE=utf8_unicode_ci;
/*!40101 SET character_set_client = @saved_cs_client */;

--
-- Dumping data for table `profile`
--

LOCK TABLES `profile` WRITE;
/*!40000 ALTER TABLE `profile` DISABLE KEYS */;
INSERT INTO `profile` VALUES (1,NULL,NULL,NULL,NULL,NULL,NULL,NULL,NULL),(2,NULL,NULL,NULL,NULL,NULL,NULL,NULL,NULL),(3,NULL,NULL,NULL,NULL,NULL,NULL,NULL,NULL),(4,NULL,NULL,NULL,NULL,NULL,NULL,NULL,NULL),(5,NULL,NULL,NULL,NULL,NULL,NULL,NULL,NULL),(6,NULL,NULL,NULL,NULL,NULL,NULL,NULL,NULL),(7,NULL,NULL,NULL,NULL,NULL,NULL,NULL,NULL);
/*!40000 ALTER TABLE `profile` ENABLE KEYS */;
UNLOCK TABLES;

--
-- Table structure for table `sales_order`
--

DROP TABLE IF EXISTS `sales_order`;
/*!40101 SET @saved_cs_client     = @@character_set_client */;
/*!40101 SET character_set_client = utf8 */;
CREATE TABLE `sales_order` (
  `id` int(11) NOT NULL AUTO_INCREMENT,
  `customer_id` int(11) NOT NULL,
  `status` int(4) NOT NULL,
  `grand_total` decimal(15,4) NOT NULL,
  `order_date` timestamp NOT NULL DEFAULT CURRENT_TIMESTAMP,
  `payment_method` varchar(255) COLLATE utf8_unicode_ci NOT NULL,
  `payment_info` text COLLATE utf8_unicode_ci,
  `billing_data` blob NOT NULL,
  PRIMARY KEY (`id`),
  KEY `idx-sales_order-customer_id` (`customer_id`),
  CONSTRAINT `fk-sales_order-customer_id` FOREIGN KEY (`customer_id`) REFERENCES `user` (`id`) ON DELETE CASCADE
) ENGINE=InnoDB AUTO_INCREMENT=282 DEFAULT CHARSET=utf8 COLLATE=utf8_unicode_ci;
/*!40101 SET character_set_client = @saved_cs_client */;

--
-- Dumping data for table `sales_order`
--

LOCK TABLES `sales_order` WRITE;
/*!40000 ALTER TABLE `sales_order` DISABLE KEYS */;
INSERT INTO `sales_order` VALUES (1,1,1,550.3800,'2018-08-18 04:31:29','cc_record','{\"card_holder\":\"Omid\",\"card_number\":\"41111111111111111\",\"expiry_month\":\"02\",\"expiry_year\":\"2016\",\"cvv\":\"123\"}',''),(2,1,1,560.3900,'2018-08-18 09:59:18','cc_record','{\"card_holder\":\"Omid\",\"card_number\":\"\",\"expiry_month\":\"\",\"expiry_year\":\"2016\",\"cvv\":\"\"}',''),(3,1,1,560.3900,'2018-08-18 10:15:53','cc_record','{\"card_holder\":\"Omid\",\"card_number\":\"\",\"expiry_month\":\"\",\"expiry_year\":\"2016\",\"cvv\":\"\"}',''),(4,1,1,560.3900,'2018-08-18 10:17:32','cc_record','{\"card_holder\":\"Omid\",\"card_number\":\"\",\"expiry_month\":\"\",\"expiry_year\":\"2016\",\"cvv\":\"\"}',''),(5,1,1,560.3900,'2018-08-18 10:17:58','cc_record','{\"card_holder\":\"Omid\",\"card_number\":\"\",\"expiry_month\":\"\",\"expiry_year\":\"2016\",\"cvv\":\"\"}',''),(6,1,1,560.3900,'2018-08-18 10:19:41','cc_record','{\"card_holder\":\"Omid\",\"card_number\":\"\",\"expiry_month\":\"\",\"expiry_year\":\"2016\",\"cvv\":\"\"}',''),(7,1,1,560.3900,'2018-08-18 10:19:48','cc_record','{\"card_holder\":\"Omid\",\"card_number\":\"\",\"expiry_month\":\"\",\"expiry_year\":\"2016\",\"cvv\":\"\"}',''),(8,1,1,560.3900,'2018-08-18 10:20:00','cc_record','{\"card_holder\":\"Omid\",\"card_number\":\"\",\"expiry_month\":\"\",\"expiry_year\":\"2016\",\"cvv\":\"\"}',''),(9,1,1,560.3900,'2018-08-18 10:21:39','cc_record','{\"card_holder\":\"Omid\",\"card_number\":\"\",\"expiry_month\":\"\",\"expiry_year\":\"2016\",\"cvv\":\"\"}',''),(10,1,1,560.3900,'2018-08-18 10:21:49','cc_record','{\"card_holder\":\"Omid\",\"card_number\":\"\",\"expiry_month\":\"\",\"expiry_year\":\"2016\",\"cvv\":\"\"}',''),(11,1,1,560.3900,'2018-08-18 10:21:56','cc_record','{\"card_holder\":\"Omid\",\"card_number\":\"\",\"expiry_month\":\"\",\"expiry_year\":\"2016\",\"cvv\":\"\"}',''),(12,1,1,560.3900,'2018-08-18 10:22:18','cc_record','{\"card_holder\":\"Omid\",\"card_number\":\"\",\"expiry_month\":\"\",\"expiry_year\":\"2016\",\"cvv\":\"\"}',''),(13,1,1,959.3900,'2018-08-18 11:43:25','cc_record','{\"card_holder\":\"Omid\",\"card_number\":\"\",\"expiry_month\":\"03\",\"expiry_year\":\"2017\",\"cvv\":\"\"}',''),(14,1,1,959.3900,'2018-08-18 12:07:56','cc_record','{\"card_holder\":\"\",\"card_number\":\"\",\"expiry_month\":\"\",\"expiry_year\":\"2016\",\"cvv\":\"\"}',''),(15,1,1,1109.3700,'2018-08-18 12:48:08','cc_record','{\"card_holder\":\"\",\"card_number\":\"\",\"expiry_month\":\"\",\"expiry_year\":\"2016\",\"cvv\":\"\"}',''),(16,1,1,149.9800,'2018-08-18 13:09:56','cc_record','{\"card_holder\":\"\",\"card_number\":\"\",\"expiry_month\":\"\",\"expiry_year\":\"2016\",\"cvv\":\"\"}',''),(17,1,1,149.9800,'2018-08-18 13:10:57','cc_record','{\"card_holder\":\"\",\"card_number\":\"\",\"expiry_month\":\"\",\"expiry_year\":\"2016\",\"cvv\":\"\"}',''),(18,1,1,149.9800,'2018-08-18 13:13:21','cc_record','{\"card_holder\":\"\",\"card_number\":\"\",\"expiry_month\":\"\",\"expiry_year\":\"2016\",\"cvv\":\"\"}',''),(19,1,1,149.9800,'2018-08-18 13:14:08','cc_record','{\"card_holder\":\"\",\"card_number\":\"\",\"expiry_month\":\"\",\"expiry_year\":\"2016\",\"cvv\":\"\"}',''),(20,1,1,149.9800,'2018-08-18 13:14:52','cc_record','{\"card_holder\":\"\",\"card_number\":\"\",\"expiry_month\":\"\",\"expiry_year\":\"2016\",\"cvv\":\"\"}',''),(21,1,1,10.0100,'2018-08-19 12:01:41','cc_record','{\"card_holder\":\"Omid\",\"card_number\":\"\",\"expiry_month\":\"\",\"expiry_year\":\"2016\",\"cvv\":\"\"}',''),(22,1,1,200.2000,'2018-08-19 13:29:32','cc_record','{\"card_holder\":\"\",\"card_number\":\"\",\"expiry_month\":\"\",\"expiry_year\":\"2016\",\"cvv\":\"\"}',''),(23,1,1,200.2000,'2018-08-19 13:32:21','cc_record','{\"card_holder\":\"\",\"card_number\":\"\",\"expiry_month\":\"\",\"expiry_year\":\"2016\",\"cvv\":\"\"}',''),(24,1,1,200.2000,'2018-08-19 15:39:47','cc_record','{\"card_holder\":\"\",\"card_number\":\"\",\"expiry_month\":\"\",\"expiry_year\":\"2016\",\"cvv\":\"\"}',''),(25,1,1,200.2000,'2018-08-19 15:40:18','cc_record','{\"card_holder\":\"\",\"card_number\":\"\",\"expiry_month\":\"\",\"expiry_year\":\"2016\",\"cvv\":\"\"}',''),(26,1,1,200.2000,'2018-08-19 15:40:25','cc_record','{\"card_holder\":\"\",\"card_number\":\"\",\"expiry_month\":\"\",\"expiry_year\":\"2016\",\"cvv\":\"\"}',''),(27,1,1,200.2000,'2018-08-19 15:40:49','cc_record','{\"card_holder\":\"\",\"card_number\":\"\",\"expiry_month\":\"\",\"expiry_year\":\"2016\",\"cvv\":\"\"}',''),(28,1,1,200.2000,'2018-08-19 15:41:11','cc_record','{\"card_holder\":\"\",\"card_number\":\"\",\"expiry_month\":\"\",\"expiry_year\":\"2016\",\"cvv\":\"\"}',''),(29,1,1,200.2000,'2018-08-19 15:45:56','cc_record','{\"card_holder\":\"\",\"card_number\":\"\",\"expiry_month\":\"\",\"expiry_year\":\"2016\",\"cvv\":\"\"}',''),(30,1,1,200.2000,'2018-08-19 15:46:17','cc_record','{\"card_holder\":\"\",\"card_number\":\"\",\"expiry_month\":\"\",\"expiry_year\":\"2016\",\"cvv\":\"\"}',''),(31,1,1,200.2000,'2018-08-19 15:53:16','cc_record','{\"card_holder\":\"\",\"card_number\":\"\",\"expiry_month\":\"\",\"expiry_year\":\"2016\",\"cvv\":\"\"}',''),(32,1,1,200.2000,'2018-08-19 15:55:35','cc_record','{\"card_holder\":\"\",\"card_number\":\"\",\"expiry_month\":\"\",\"expiry_year\":\"2016\",\"cvv\":\"\"}',''),(33,1,1,200.2000,'2018-08-19 15:55:53','cc_record','{\"card_holder\":\"\",\"card_number\":\"\",\"expiry_month\":\"\",\"expiry_year\":\"2016\",\"cvv\":\"\"}',''),(34,1,1,810.0300,'2018-08-19 15:57:36','cc_record','{\"card_holder\":\"\",\"card_number\":\"\",\"expiry_month\":\"\",\"expiry_year\":\"2016\",\"cvv\":\"\"}',''),(35,1,3,149.9800,'2018-08-19 17:02:39','cc_record','{\"card_holder\":\"\",\"card_number\":\"\",\"expiry_month\":\"\",\"expiry_year\":\"2016\",\"cvv\":\"\"}',''),(36,1,1,20.0200,'2018-08-19 17:03:27','cc_record','{\"card_holder\":\"\",\"card_number\":\"\",\"expiry_month\":\"\",\"expiry_year\":\"2016\",\"cvv\":\"\"}',''),(37,1,1,149.9800,'2018-08-19 17:08:51','cc_record','{\"card_holder\":\"\",\"card_number\":\"\",\"expiry_month\":\"\",\"expiry_year\":\"2016\",\"cvv\":\"\"}',''),(38,1,1,1578.0000,'2018-08-19 17:28:01','cc_record','{\"card_holder\":\"\",\"card_number\":\"\",\"expiry_month\":\"\",\"expiry_year\":\"2016\",\"cvv\":\"\"}',''),(39,1,1,1578.0000,'2018-08-19 17:28:30','cc_record','{\"card_holder\":\"\",\"card_number\":\"\",\"expiry_month\":\"\",\"expiry_year\":\"2016\",\"cvv\":\"\"}',''),(40,1,1,780.0000,'2018-08-19 17:33:55','cc_record','{\"card_holder\":\"\",\"card_number\":\"\",\"expiry_month\":\"\",\"expiry_year\":\"2016\",\"cvv\":\"\"}',''),(41,1,1,780.0000,'2018-08-20 05:24:18','cc_record','{\"card_holder\":\"\",\"card_number\":\"\",\"expiry_month\":\"\",\"expiry_year\":\"2016\",\"cvv\":\"\"}',''),(42,1,1,780.0000,'2018-08-20 05:24:52','cc_record','{\"card_holder\":\"\",\"card_number\":\"\",\"expiry_month\":\"\",\"expiry_year\":\"2016\",\"cvv\":\"\"}',''),(43,1,1,780.0000,'2018-08-20 05:24:53','cc_record','{\"card_holder\":\"\",\"card_number\":\"\",\"expiry_month\":\"\",\"expiry_year\":\"2016\",\"cvv\":\"\"}',''),(44,1,1,780.0000,'2018-08-20 05:57:31','cc_record','{\"card_holder\":\"\",\"card_number\":\"\",\"expiry_month\":\"\",\"expiry_year\":\"2016\",\"cvv\":\"\"}',''),(45,1,1,780.0000,'2018-08-20 05:59:02','cc_record','{\"card_holder\":\"\",\"card_number\":\"\",\"expiry_month\":\"\",\"expiry_year\":\"2016\",\"cvv\":\"\"}',''),(46,1,1,780.0000,'2018-08-20 13:39:06','cc_record','{\"card_holder\":\"\",\"card_number\":\"\",\"expiry_month\":\"\",\"expiry_year\":\"2016\",\"cvv\":\"\"}',''),(47,1,1,780.0000,'2018-08-20 15:20:59','cc_record','{\"card_holder\":\"\",\"card_number\":\"\",\"expiry_month\":\"\",\"expiry_year\":\"2016\",\"cvv\":\"\"}',''),(48,1,1,780.0000,'2018-08-20 15:27:42','cc_record','{\"card_holder\":\"\",\"card_number\":\"\",\"expiry_month\":\"\",\"expiry_year\":\"2016\",\"cvv\":\"\"}',''),(49,1,1,780.0000,'2018-08-20 15:28:02','cc_record','{\"card_holder\":\"\",\"card_number\":\"\",\"expiry_month\":\"\",\"expiry_year\":\"2016\",\"cvv\":\"\"}',''),(50,1,1,780.0000,'2018-08-20 15:29:41','cc_record','{\"card_holder\":\"\",\"card_number\":\"\",\"expiry_month\":\"\",\"expiry_year\":\"2016\",\"cvv\":\"\"}',''),(51,1,1,780.0000,'2018-08-20 15:31:53','cc_record','{\"card_holder\":\"\",\"card_number\":\"\",\"expiry_month\":\"\",\"expiry_year\":\"2016\",\"cvv\":\"\"}',''),(52,1,1,780.0000,'2018-08-20 15:32:12','cc_record','{\"card_holder\":\"\",\"card_number\":\"\",\"expiry_month\":\"\",\"expiry_year\":\"2016\",\"cvv\":\"\"}',''),(53,1,1,780.0000,'2018-08-20 15:34:12','cc_record','{\"card_holder\":\"\",\"card_number\":\"\",\"expiry_month\":\"\",\"expiry_year\":\"2016\",\"cvv\":\"\"}',''),(54,1,1,780.0000,'2018-08-20 15:37:09','cc_record','{\"card_holder\":\"\",\"card_number\":\"\",\"expiry_month\":\"\",\"expiry_year\":\"2016\",\"cvv\":\"\"}',''),(55,1,1,780.0000,'2018-08-20 15:41:10','cc_record','{\"card_holder\":\"\",\"card_number\":\"\",\"expiry_month\":\"\",\"expiry_year\":\"2016\",\"cvv\":\"\"}',''),(56,1,1,780.0000,'2018-08-20 15:41:18','cc_record','{\"card_holder\":\"\",\"card_number\":\"\",\"expiry_month\":\"\",\"expiry_year\":\"2016\",\"cvv\":\"\"}',''),(57,1,1,780.0000,'2018-08-20 15:41:31','cc_record','{\"card_holder\":\"\",\"card_number\":\"\",\"expiry_month\":\"\",\"expiry_year\":\"2016\",\"cvv\":\"\"}',''),(58,1,1,780.0000,'2018-08-20 15:49:00','cc_record','{\"card_holder\":\"\",\"card_number\":\"\",\"expiry_month\":\"\",\"expiry_year\":\"2016\",\"cvv\":\"\"}',''),(59,1,1,780.0000,'2018-08-20 15:49:44','cc_record','{\"card_holder\":\"\",\"card_number\":\"\",\"expiry_month\":\"\",\"expiry_year\":\"2016\",\"cvv\":\"\"}',''),(60,1,1,780.0000,'2018-08-20 15:51:45','cc_record','{\"card_holder\":\"\",\"card_number\":\"\",\"expiry_month\":\"\",\"expiry_year\":\"2016\",\"cvv\":\"\"}',''),(61,1,1,780.0000,'2018-08-20 15:52:34','cc_record','{\"card_holder\":\"\",\"card_number\":\"\",\"expiry_month\":\"\",\"expiry_year\":\"2016\",\"cvv\":\"\"}',''),(62,1,1,0.0000,'2018-08-20 15:56:29','cc_record','{\"card_holder\":\"\",\"card_number\":\"\",\"expiry_month\":\"\",\"expiry_year\":\"2016\",\"cvv\":\"\"}',''),(63,1,1,0.0000,'2018-08-20 15:57:16','cc_record','{\"card_holder\":\"\",\"card_number\":\"\",\"expiry_month\":\"\",\"expiry_year\":\"2016\",\"cvv\":\"\"}',''),(64,1,1,0.0000,'2018-08-20 15:59:52','cc_record','{\"card_holder\":\"\",\"card_number\":\"\",\"expiry_month\":\"\",\"expiry_year\":\"2016\",\"cvv\":\"\"}',''),(65,1,1,0.0000,'2018-08-20 16:00:02','cc_record','{\"card_holder\":\"\",\"card_number\":\"\",\"expiry_month\":\"\",\"expiry_year\":\"2016\",\"cvv\":\"\"}',''),(66,1,1,0.0000,'2018-08-20 17:06:45','cc_record','{\"card_holder\":\"\",\"card_number\":\"\",\"expiry_month\":\"\",\"expiry_year\":\"2016\",\"cvv\":\"\"}',''),(67,1,1,0.0000,'2018-08-20 17:08:11','cc_record','{\"card_holder\":\"\",\"card_number\":\"\",\"expiry_month\":\"\",\"expiry_year\":\"2016\",\"cvv\":\"\"}',''),(68,1,1,0.0000,'2018-08-20 17:08:59','cc_record','{\"card_holder\":\"\",\"card_number\":\"\",\"expiry_month\":\"\",\"expiry_year\":\"2016\",\"cvv\":\"\"}',''),(69,1,1,0.0000,'2018-08-20 17:09:32','cc_record','{\"card_holder\":\"\",\"card_number\":\"\",\"expiry_month\":\"\",\"expiry_year\":\"2016\",\"cvv\":\"\"}',''),(70,1,1,500.1600,'2018-08-20 17:10:34','cc_record','{\"card_holder\":\"\",\"card_number\":\"\",\"expiry_month\":\"\",\"expiry_year\":\"2016\",\"cvv\":\"\"}',''),(71,1,1,0.0000,'2018-08-20 17:12:32','cc_record','{\"card_holder\":\"\",\"card_number\":\"\",\"expiry_month\":\"\",\"expiry_year\":\"2016\",\"cvv\":\"\"}',''),(72,1,1,0.0000,'2018-08-20 17:36:54','cc_record','{\"card_holder\":\"\",\"card_number\":\"\",\"expiry_month\":\"\",\"expiry_year\":\"2016\",\"cvv\":\"\"}',''),(73,1,1,0.0000,'2018-08-20 17:37:47','cc_record','{\"card_holder\":\"\",\"card_number\":\"\",\"expiry_month\":\"\",\"expiry_year\":\"2016\",\"cvv\":\"\"}',''),(74,1,1,500.1600,'2018-08-20 17:38:39','cc_record','{\"card_holder\":\"\",\"card_number\":\"\",\"expiry_month\":\"\",\"expiry_year\":\"2016\",\"cvv\":\"\"}',''),(75,1,1,0.0000,'2018-08-20 17:43:00','cc_record','{\"card_holder\":\"\",\"card_number\":\"\",\"expiry_month\":\"\",\"expiry_year\":\"2016\",\"cvv\":\"\"}',''),(76,1,1,0.0000,'2018-08-21 07:59:20','cc_record','{\"card_holder\":\"\",\"card_number\":\"\",\"expiry_month\":\"\",\"expiry_year\":\"2016\",\"cvv\":\"\"}',''),(77,1,1,0.0000,'2018-08-21 08:02:11','cc_record','{\"card_holder\":\"\",\"card_number\":\"\",\"expiry_month\":\"\",\"expiry_year\":\"2016\",\"cvv\":\"\"}',''),(78,1,1,0.0000,'2018-08-21 08:07:12','cc_record','{\"card_holder\":\"\",\"card_number\":\"\",\"expiry_month\":\"\",\"expiry_year\":\"2016\",\"cvv\":\"\"}',''),(79,1,1,1390.0000,'2018-08-21 11:16:06','cc_record','{\"card_holder\":\"\",\"card_number\":\"\",\"expiry_month\":\"\",\"expiry_year\":\"2016\",\"cvv\":\"\"}',''),(80,1,1,0.0000,'2018-08-21 16:43:55','cc_record','{\"card_holder\":\"\",\"card_number\":\"\",\"expiry_month\":\"\",\"expiry_year\":\"2016\",\"cvv\":\"\"}',''),(81,1,1,0.0000,'2018-08-21 16:51:35','cc_record','{\"card_holder\":\"\",\"card_number\":\"\",\"expiry_month\":\"\",\"expiry_year\":\"2016\",\"cvv\":\"\"}',''),(82,1,1,0.0000,'2018-08-21 17:19:06','cc_record','{\"card_holder\":\"\",\"card_number\":\"\",\"expiry_month\":\"\",\"expiry_year\":\"2016\",\"cvv\":\"\"}',''),(83,1,1,0.0000,'2018-08-21 17:21:56','cc_record','{\"card_holder\":\"\",\"card_number\":\"\",\"expiry_month\":\"\",\"expiry_year\":\"2016\",\"cvv\":\"\"}',''),(84,1,1,0.0000,'2018-08-21 17:23:19','cc_record','{\"card_holder\":\"\",\"card_number\":\"\",\"expiry_month\":\"\",\"expiry_year\":\"2016\",\"cvv\":\"\"}',''),(85,1,1,0.0000,'2018-08-21 17:24:00','cc_record','{\"card_holder\":\"\",\"card_number\":\"\",\"expiry_month\":\"\",\"expiry_year\":\"2016\",\"cvv\":\"\"}',''),(86,1,1,0.0000,'2018-08-21 17:26:10','cc_record','{\"card_holder\":\"\",\"card_number\":\"\",\"expiry_month\":\"\",\"expiry_year\":\"2016\",\"cvv\":\"\"}',''),(87,1,1,0.0000,'2018-08-21 17:28:08','cc_record','{\"card_holder\":\"\",\"card_number\":\"\",\"expiry_month\":\"\",\"expiry_year\":\"2016\",\"cvv\":\"\"}',''),(88,1,1,0.0000,'2018-08-21 17:28:45','cc_record','{\"card_holder\":\"\",\"card_number\":\"\",\"expiry_month\":\"\",\"expiry_year\":\"2016\",\"cvv\":\"\"}',''),(89,1,1,0.0000,'2018-08-21 17:29:01','cc_record','{\"card_holder\":\"\",\"card_number\":\"\",\"expiry_month\":\"\",\"expiry_year\":\"2016\",\"cvv\":\"\"}',''),(90,1,1,0.0000,'2018-08-21 17:29:15','cc_record','{\"card_holder\":\"\",\"card_number\":\"\",\"expiry_month\":\"\",\"expiry_year\":\"2016\",\"cvv\":\"\"}',''),(91,1,1,0.0000,'2018-08-21 17:29:32','cc_record','{\"card_holder\":\"\",\"card_number\":\"\",\"expiry_month\":\"\",\"expiry_year\":\"2016\",\"cvv\":\"\"}',''),(92,1,1,0.0000,'2018-08-21 17:29:47','cc_record','{\"card_holder\":\"\",\"card_number\":\"\",\"expiry_month\":\"\",\"expiry_year\":\"2016\",\"cvv\":\"\"}',''),(93,1,1,0.0000,'2018-08-21 17:30:01','cc_record','{\"card_holder\":\"\",\"card_number\":\"\",\"expiry_month\":\"\",\"expiry_year\":\"2016\",\"cvv\":\"\"}',''),(94,1,1,0.0000,'2018-08-21 17:30:11','cc_record','{\"card_holder\":\"\",\"card_number\":\"\",\"expiry_month\":\"\",\"expiry_year\":\"2016\",\"cvv\":\"\"}',''),(95,1,1,0.0000,'2018-08-21 17:30:22','cc_record','{\"card_holder\":\"\",\"card_number\":\"\",\"expiry_month\":\"\",\"expiry_year\":\"2016\",\"cvv\":\"\"}',''),(96,1,1,0.0000,'2018-08-21 17:31:36','cc_record','{\"card_holder\":\"\",\"card_number\":\"\",\"expiry_month\":\"\",\"expiry_year\":\"2016\",\"cvv\":\"\"}',''),(97,1,1,0.0000,'2018-08-21 17:32:06','cc_record','{\"card_holder\":\"\",\"card_number\":\"\",\"expiry_month\":\"\",\"expiry_year\":\"2016\",\"cvv\":\"\"}',''),(98,1,1,0.0000,'2018-08-21 17:32:33','cc_record','{\"card_holder\":\"\",\"card_number\":\"\",\"expiry_month\":\"\",\"expiry_year\":\"2016\",\"cvv\":\"\"}',''),(99,1,1,0.0000,'2018-08-21 17:34:16','cc_record','{\"card_holder\":\"\",\"card_number\":\"\",\"expiry_month\":\"\",\"expiry_year\":\"2016\",\"cvv\":\"\"}',''),(100,1,1,0.0000,'2018-08-21 17:35:57','cc_record','{\"card_holder\":\"\",\"card_number\":\"\",\"expiry_month\":\"\",\"expiry_year\":\"2016\",\"cvv\":\"\"}',''),(101,1,1,0.0000,'2018-08-21 17:39:13','cc_record','{\"card_holder\":\"\",\"card_number\":\"\",\"expiry_month\":\"\",\"expiry_year\":\"2016\",\"cvv\":\"\"}',''),(102,1,1,0.0000,'2018-08-21 17:42:23','cc_record','{\"card_holder\":\"\",\"card_number\":\"\",\"expiry_month\":\"\",\"expiry_year\":\"2016\",\"cvv\":\"\"}',''),(103,1,1,1590.0000,'2018-08-21 17:44:48','cc_record','{\"card_holder\":\"\",\"card_number\":\"\",\"expiry_month\":\"\",\"expiry_year\":\"2016\",\"cvv\":\"\"}',''),(104,1,1,0.0000,'2018-08-21 17:45:41','cc_record','{\"card_holder\":\"\",\"card_number\":\"\",\"expiry_month\":\"\",\"expiry_year\":\"2016\",\"cvv\":\"\"}',''),(105,1,1,0.0000,'2018-08-21 17:46:43','cc_record','{\"card_holder\":\"\",\"card_number\":\"\",\"expiry_month\":\"\",\"expiry_year\":\"2016\",\"cvv\":\"\"}',''),(106,1,1,5120.0000,'2018-08-21 17:48:13','cc_record','{\"card_holder\":\"\",\"card_number\":\"\",\"expiry_month\":\"\",\"expiry_year\":\"2016\",\"cvv\":\"\"}',''),(107,1,1,7680.0000,'2018-08-21 17:48:55','cc_record','{\"card_holder\":\"\",\"card_number\":\"\",\"expiry_month\":\"\",\"expiry_year\":\"2016\",\"cvv\":\"\"}',''),(108,1,1,0.0000,'2018-08-21 18:41:19','cc_record','{\"card_holder\":\"\",\"card_number\":\"\",\"expiry_month\":\"\",\"expiry_year\":\"2016\",\"cvv\":\"\"}',''),(109,1,1,0.0000,'2018-08-21 18:42:12','cc_record','{\"card_holder\":\"\",\"card_number\":\"\",\"expiry_month\":\"\",\"expiry_year\":\"2016\",\"cvv\":\"\"}',''),(110,1,1,0.0000,'2018-08-21 18:42:33','cc_record','{\"card_holder\":\"\",\"card_number\":\"\",\"expiry_month\":\"\",\"expiry_year\":\"2016\",\"cvv\":\"\"}',''),(111,1,1,0.0000,'2018-08-21 18:42:50','cc_record','{\"card_holder\":\"\",\"card_number\":\"\",\"expiry_month\":\"\",\"expiry_year\":\"2016\",\"cvv\":\"\"}',''),(112,1,1,0.0000,'2018-08-21 18:42:57','cc_record','{\"card_holder\":\"\",\"card_number\":\"\",\"expiry_month\":\"\",\"expiry_year\":\"2016\",\"cvv\":\"\"}',''),(113,1,1,0.0000,'2018-08-21 18:43:15','cc_record','{\"card_holder\":\"\",\"card_number\":\"\",\"expiry_month\":\"\",\"expiry_year\":\"2016\",\"cvv\":\"\"}',''),(114,1,1,0.0000,'2018-08-21 18:43:50','cc_record','{\"card_holder\":\"\",\"card_number\":\"\",\"expiry_month\":\"\",\"expiry_year\":\"2016\",\"cvv\":\"\"}',''),(115,1,1,0.0000,'2018-08-21 18:44:17','cc_record','{\"card_holder\":\"\",\"card_number\":\"\",\"expiry_month\":\"\",\"expiry_year\":\"2016\",\"cvv\":\"\"}',''),(116,1,1,0.0000,'2018-08-21 18:44:50','cc_record','{\"card_holder\":\"\",\"card_number\":\"\",\"expiry_month\":\"\",\"expiry_year\":\"2016\",\"cvv\":\"\"}',''),(117,1,1,0.0000,'2018-08-21 18:45:34','cc_record','{\"card_holder\":\"\",\"card_number\":\"\",\"expiry_month\":\"\",\"expiry_year\":\"2016\",\"cvv\":\"\"}',''),(118,1,1,0.0000,'2018-08-21 18:46:33','cc_record','{\"card_holder\":\"\",\"card_number\":\"\",\"expiry_month\":\"\",\"expiry_year\":\"2016\",\"cvv\":\"\"}',''),(119,1,1,0.0000,'2018-08-21 18:46:55','cc_record','{\"card_holder\":\"\",\"card_number\":\"\",\"expiry_month\":\"\",\"expiry_year\":\"2016\",\"cvv\":\"\"}',''),(120,1,1,0.0000,'2018-08-21 18:47:44','cc_record','{\"card_holder\":\"\",\"card_number\":\"\",\"expiry_month\":\"\",\"expiry_year\":\"2016\",\"cvv\":\"\"}',''),(121,1,1,0.0000,'2018-08-21 18:48:47','cc_record','{\"card_holder\":\"\",\"card_number\":\"\",\"expiry_month\":\"\",\"expiry_year\":\"2016\",\"cvv\":\"\"}',''),(122,1,1,0.0000,'2018-08-21 18:50:15','cc_record','{\"card_holder\":\"\",\"card_number\":\"\",\"expiry_month\":\"\",\"expiry_year\":\"2016\",\"cvv\":\"\"}',''),(123,1,1,0.0000,'2018-08-21 18:51:38','cc_record','{\"card_holder\":\"\",\"card_number\":\"\",\"expiry_month\":\"\",\"expiry_year\":\"2016\",\"cvv\":\"\"}',''),(124,1,1,0.0000,'2018-08-21 18:51:55','cc_record','{\"card_holder\":\"\",\"card_number\":\"\",\"expiry_month\":\"\",\"expiry_year\":\"2016\",\"cvv\":\"\"}',''),(125,1,1,0.0000,'2018-08-21 18:52:16','cc_record','{\"card_holder\":\"\",\"card_number\":\"\",\"expiry_month\":\"\",\"expiry_year\":\"2016\",\"cvv\":\"\"}',''),(126,1,1,0.0000,'2018-08-21 18:52:59','cc_record','{\"card_holder\":\"\",\"card_number\":\"\",\"expiry_month\":\"\",\"expiry_year\":\"2016\",\"cvv\":\"\"}',''),(127,1,1,0.0000,'2018-08-21 18:55:39','cc_record','{\"card_holder\":\"\",\"card_number\":\"\",\"expiry_month\":\"\",\"expiry_year\":\"2016\",\"cvv\":\"\"}',''),(128,1,1,87020.0000,'2018-08-23 15:36:21','cc_record','{\"card_holder\":\"\",\"card_number\":\"\",\"expiry_month\":\"\",\"expiry_year\":\"2016\",\"cvv\":\"\"}',''),(129,1,1,500.0000,'2018-08-23 15:37:21','cc_record','{\"card_holder\":\"\",\"card_number\":\"\",\"expiry_month\":\"\",\"expiry_year\":\"2016\",\"cvv\":\"\"}',''),(130,1,1,500.0000,'2018-08-23 15:37:40','cc_record','{\"card_holder\":\"\",\"card_number\":\"\",\"expiry_month\":\"\",\"expiry_year\":\"2016\",\"cvv\":\"\"}',''),(131,1,1,1560.0000,'2018-09-07 14:29:25','cc_record','{\"card_holder\":\"\",\"card_number\":\"\",\"expiry_month\":\"\",\"expiry_year\":\"2016\",\"cvv\":\"\"}',''),(132,1,1,780.0000,'2018-09-07 15:08:04','cc_record','{\"card_holder\":\"\",\"card_number\":\"\",\"expiry_month\":\"\",\"expiry_year\":\"2016\",\"cvv\":\"\"}',''),(133,1,1,780.0000,'2018-09-08 07:49:03','cc_record','{\"card_holder\":\"\",\"card_number\":\"\",\"expiry_month\":\"\",\"expiry_year\":\"2016\",\"cvv\":\"\"}',''),(134,1,1,780.0000,'2018-09-09 21:47:01','cc_record','{\"card_holder\":\"Omid Barza\",\"card_number\":\"4111111111111111\",\"expiry_month\":\"10\",\"expiry_year\":\"2023\",\"cvv\":\"123\"}',''),(135,3,1,780.0000,'2018-09-12 15:19:07','cc_record','{\"card_holder\":\"Omid Card\",\"card_number\":\"6547\",\"expiry_month\":\"04\",\"expiry_year\":\"2023\",\"cvv\":\"123\"}',''),(136,1,1,390.0000,'2018-09-12 16:26:13','cc_record','{\"card_holder\":\"Omid\",\"card_number\":\"987554\",\"expiry_month\":\"10\",\"expiry_year\":\"2020\",\"cvv\":\"321\"}',''),(137,3,1,1160.0000,'2018-09-12 16:28:25','cc_record','{\"card_holder\":\"Omid\",\"card_number\":\"987\",\"expiry_month\":\"\",\"expiry_year\":\"2016\",\"cvv\":\"\"}',''),(138,1,1,1180.0000,'2018-09-12 16:31:31','cc_record','{\"card_holder\":\"Omid\",\"card_number\":\"\",\"expiry_month\":\"\",\"expiry_year\":\"2016\",\"cvv\":\"\"}',''),(139,1,1,780.0000,'2018-09-14 17:39:37','cc_record','{\"card_holder\":\"\",\"card_number\":\"\",\"expiry_month\":\"\",\"expiry_year\":\"2016\",\"cvv\":\"\"}',''),(140,1,1,780.0000,'2018-09-15 04:07:03','cc_record','{\"card_holder\":\"\",\"card_number\":\"\",\"expiry_month\":\"\",\"expiry_year\":\"2016\",\"cvv\":\"\"}',''),(141,1,1,780.0000,'2018-09-15 04:34:23','cc_record','{\"card_holder\":\"\",\"card_number\":\"\",\"expiry_month\":\"\",\"expiry_year\":\"2016\",\"cvv\":\"\"}',''),(142,1,1,500.0000,'2018-09-15 04:35:19','cc_record','{\"card_holder\":\"\",\"card_number\":\"\",\"expiry_month\":\"\",\"expiry_year\":\"2016\",\"cvv\":\"\"}',''),(143,1,1,1280.0000,'2018-09-15 04:36:21','cc_record','{\"card_holder\":\"\",\"card_number\":\"\",\"expiry_month\":\"\",\"expiry_year\":\"2016\",\"cvv\":\"\"}',''),(144,1,1,500.0000,'2018-09-15 04:46:08','cc_record','{\"card_holder\":\"\",\"card_number\":\"\",\"expiry_month\":\"\",\"expiry_year\":\"2016\",\"cvv\":\"\"}',''),(145,1,1,780.0000,'2018-09-15 04:54:05','cc_record','{\"card_holder\":\"\",\"card_number\":\"\",\"expiry_month\":\"\",\"expiry_year\":\"2016\",\"cvv\":\"\"}',''),(146,1,1,1780.0000,'2018-09-15 04:54:35','cc_record','{\"card_holder\":\"\",\"card_number\":\"\",\"expiry_month\":\"\",\"expiry_year\":\"2016\",\"cvv\":\"\"}',''),(147,1,1,1780.0000,'2018-09-15 04:55:38','cc_record','{\"card_holder\":\"\",\"card_number\":\"\",\"expiry_month\":\"\",\"expiry_year\":\"2016\",\"cvv\":\"\"}',''),(148,1,1,1780.0000,'2018-09-15 04:56:35','cc_record','{\"card_holder\":\"\",\"card_number\":\"\",\"expiry_month\":\"\",\"expiry_year\":\"2016\",\"cvv\":\"\"}',''),(149,1,1,1780.0000,'2018-09-15 04:57:39','cc_record','{\"card_holder\":\"\",\"card_number\":\"\",\"expiry_month\":\"\",\"expiry_year\":\"2016\",\"cvv\":\"\"}',''),(150,1,1,780.0000,'2018-09-15 04:58:02','cc_record','{\"card_holder\":\"\",\"card_number\":\"\",\"expiry_month\":\"\",\"expiry_year\":\"2016\",\"cvv\":\"\"}',''),(151,1,1,0.0000,'2018-09-15 04:58:21','cc_record','{\"card_holder\":\"\",\"card_number\":\"\",\"expiry_month\":\"\",\"expiry_year\":\"2016\",\"cvv\":\"\"}',''),(152,1,1,2060.0000,'2018-09-15 04:58:53','cc_record','{\"card_holder\":\"\",\"card_number\":\"\",\"expiry_month\":\"\",\"expiry_year\":\"2016\",\"cvv\":\"\"}',''),(153,1,1,790.0000,'2018-09-15 04:59:27','cc_record','{\"card_holder\":\"\",\"card_number\":\"\",\"expiry_month\":\"\",\"expiry_year\":\"2016\",\"cvv\":\"\"}',''),(154,3,1,780.0000,'2018-09-15 05:17:10','cc_record','{\"card_holder\":\"adsf\",\"card_number\":\"\",\"expiry_month\":\"\",\"expiry_year\":\"2016\",\"cvv\":\"\"}',''),(155,1,1,500.0000,'2018-09-16 09:30:06','cc_record','{\"card_holder\":\"\",\"card_number\":\"\",\"expiry_month\":\"\",\"expiry_year\":\"2016\",\"cvv\":\"\"}',''),(156,1,1,500.0000,'2018-09-16 09:31:22','cc_record','{\"card_holder\":\"\",\"card_number\":\"\",\"expiry_month\":\"\",\"expiry_year\":\"2016\",\"cvv\":\"\"}',''),(157,1,1,500.0000,'2018-09-16 09:31:31','cc_record','{\"card_holder\":\"\",\"card_number\":\"\",\"expiry_month\":\"\",\"expiry_year\":\"2016\",\"cvv\":\"\"}',''),(158,1,1,500.0000,'2018-09-16 09:31:33','cc_record','{\"card_holder\":\"\",\"card_number\":\"\",\"expiry_month\":\"\",\"expiry_year\":\"2016\",\"cvv\":\"\"}',''),(159,1,1,500.0000,'2018-09-16 09:31:38','cc_record','{\"card_holder\":\"\",\"card_number\":\"\",\"expiry_month\":\"\",\"expiry_year\":\"2016\",\"cvv\":\"\"}',''),(160,1,1,500.0000,'2018-09-16 09:32:31','cc_record','{\"card_holder\":\"\",\"card_number\":\"\",\"expiry_month\":\"\",\"expiry_year\":\"2016\",\"cvv\":\"\"}',''),(161,1,1,500.0000,'2018-09-16 09:33:16','cc_record','{\"card_holder\":\"\",\"card_number\":\"\",\"expiry_month\":\"\",\"expiry_year\":\"2016\",\"cvv\":\"\"}',''),(162,1,1,500.0000,'2018-09-16 09:33:41','cc_record','{\"card_holder\":\"\",\"card_number\":\"\",\"expiry_month\":\"\",\"expiry_year\":\"2016\",\"cvv\":\"\"}',''),(163,1,1,500.0000,'2018-09-16 09:33:48','cc_record','{\"card_holder\":\"\",\"card_number\":\"\",\"expiry_month\":\"\",\"expiry_year\":\"2016\",\"cvv\":\"\"}',''),(164,1,1,500.0000,'2018-09-16 09:36:03','cc_record','{\"card_holder\":\"\",\"card_number\":\"\",\"expiry_month\":\"\",\"expiry_year\":\"2016\",\"cvv\":\"\"}',''),(165,1,1,500.0000,'2018-09-16 09:36:11','cc_record','{\"card_holder\":\"\",\"card_number\":\"\",\"expiry_month\":\"\",\"expiry_year\":\"2016\",\"cvv\":\"\"}',''),(166,1,1,500.0000,'2018-09-16 09:36:16','cc_record','{\"card_holder\":\"\",\"card_number\":\"\",\"expiry_month\":\"\",\"expiry_year\":\"2016\",\"cvv\":\"\"}',''),(167,1,1,500.0000,'2018-09-16 09:36:23','cc_record','{\"card_holder\":\"\",\"card_number\":\"\",\"expiry_month\":\"\",\"expiry_year\":\"2016\",\"cvv\":\"\"}',''),(168,1,1,500.0000,'2018-09-16 09:37:18','cc_record','{\"card_holder\":\"\",\"card_number\":\"\",\"expiry_month\":\"\",\"expiry_year\":\"2016\",\"cvv\":\"\"}',''),(169,1,1,780.0000,'2018-09-16 09:39:45','cc_record','{\"card_holder\":\"\",\"card_number\":\"\",\"expiry_month\":\"\",\"expiry_year\":\"2016\",\"cvv\":\"\"}',''),(170,1,1,1280.0000,'2018-09-16 10:57:10','cc_record','{\"card_holder\":\"\",\"card_number\":\"\",\"expiry_month\":\"\",\"expiry_year\":\"2016\",\"cvv\":\"\"}',''),(171,1,1,390.0000,'2018-09-16 10:58:21','cc_record','{\"card_holder\":\"\",\"card_number\":\"\",\"expiry_month\":\"\",\"expiry_year\":\"2016\",\"cvv\":\"\"}',''),(172,3,1,780.0000,'2018-09-16 11:01:32','cc_record','{\"card_holder\":\"\",\"card_number\":\"\",\"expiry_month\":\"\",\"expiry_year\":\"2016\",\"cvv\":\"\"}',''),(173,1,1,500.0000,'2018-09-16 11:19:14','cc_record','{\"card_holder\":\"\",\"card_number\":\"\",\"expiry_month\":\"\",\"expiry_year\":\"2016\",\"cvv\":\"\"}',''),(174,1,1,500.0000,'2018-09-27 10:48:14','cc_record','{\"card_holder\":\"Omid\",\"card_number\":\"\",\"expiry_month\":\"\",\"expiry_year\":\"2016\",\"cvv\":\"\"}',''),(175,1,1,10.0000,'2018-09-27 10:49:59','cc_record','{\"card_holder\":\"\",\"card_number\":\"\",\"expiry_month\":\"\",\"expiry_year\":\"2016\",\"cvv\":\"\"}',''),(176,1,1,2840.0000,'2018-10-01 19:25:08','cc_record','{\"card_holder\":\"\",\"card_number\":\"\",\"expiry_month\":\"\",\"expiry_year\":\"2016\",\"cvv\":\"\"}',''),(177,1,1,500.0000,'2018-10-01 22:24:36','cc_record','{\"card_holder\":\"\",\"card_number\":\"\",\"expiry_month\":\"\",\"expiry_year\":\"2016\",\"cvv\":\"\"}',''),(178,3,1,5180.0000,'2018-10-05 03:47:02','cc_record','{\"card_holder\":\"\",\"card_number\":\"\",\"expiry_month\":\"\",\"expiry_year\":\"2016\",\"cvv\":\"\"}',''),(179,3,1,1000.0000,'2018-10-05 07:27:54','cc_record',NULL,''),(180,3,1,1000.0000,'2018-10-05 13:42:55','Adyen Authorize',NULL,''),(181,3,1,1000.0000,'2018-10-05 13:46:03','Adyen Authorize',NULL,''),(182,3,1,1000.0000,'2018-10-05 13:46:26','Adyen Authorize',NULL,''),(183,3,1,1000.0000,'2018-10-05 13:46:48','Adyen Authorize',NULL,''),(184,3,1,1000.0000,'2018-10-05 13:46:51','Adyen Authorize',NULL,''),(185,3,1,1000.0000,'2018-10-05 13:46:56','Adyen Authorize',NULL,''),(186,3,1,1000.0000,'2018-10-05 13:47:14','Adyen Authorize',NULL,''),(187,3,1,1000.0000,'2018-10-05 13:47:16','Adyen Authorize',NULL,''),(188,3,1,1000.0000,'2018-10-05 13:47:28','Adyen Authorize',NULL,''),(189,3,1,1000.0000,'2018-10-05 13:49:26','Adyen Authorize',NULL,''),(190,3,2,1000.0000,'2018-10-05 13:56:18','Adyen Authorize',NULL,''),(191,3,3,1000.0000,'2018-10-05 13:56:55','Adyen Authorize',NULL,''),(192,3,1,1000.0000,'2018-10-05 13:57:08','Adyen Authorize',NULL,''),(193,3,3,1000.0000,'2018-10-05 14:00:07','Adyen Authorize',NULL,''),(194,3,2,1000.0000,'2018-10-05 14:00:16','Adyen Authorize',NULL,''),(195,3,2,1000.0000,'2018-10-05 14:05:22','Adyen Authorize',NULL,''),(196,3,2,1000.0000,'2018-10-05 14:06:00','Adyen Authorize',NULL,''),(197,3,2,1000.0000,'2018-10-05 14:07:43','Adyen Authorize',NULL,''),(198,3,2,1000.0000,'2018-10-05 14:07:55','Adyen Authorize',NULL,''),(199,3,2,1000.0000,'2018-10-05 14:08:29','Adyen Authorize',NULL,''),(200,3,2,1000.0000,'2018-10-05 14:09:30','Adyen Authorize',NULL,''),(201,3,2,1000.0000,'2018-10-05 14:09:43','Adyen Authorize',NULL,''),(202,3,2,1000.0000,'2018-10-05 14:10:43','Adyen Authorize',NULL,''),(203,3,2,1000.0000,'2018-10-05 14:11:02','Adyen Authorize',NULL,''),(204,3,2,1000.0000,'2018-10-05 14:11:40','Adyen Authorize',NULL,''),(205,3,2,2000.0000,'2018-10-05 14:11:57','Adyen Authorize',NULL,''),(206,3,2,2000.0000,'2018-10-05 14:12:07','Adyen Authorize',NULL,''),(207,3,2,2000.0000,'2018-10-05 14:12:31','Adyen Authorize',NULL,''),(208,3,2,2000.0000,'2018-10-05 14:12:57','Adyen Authorize',NULL,''),(209,3,2,2000.0000,'2018-10-05 14:24:53','Adyen Authorize',NULL,''),(210,3,2,2000.0000,'2018-10-05 14:25:27','Adyen Authorize',NULL,''),(211,3,2,2000.0000,'2018-10-05 14:26:18','Adyen Authorize',NULL,''),(212,3,2,2000.0000,'2018-10-05 14:26:58','Adyen Authorize',NULL,''),(213,3,2,2000.0000,'2018-10-05 14:27:54','Adyen Authorize',NULL,''),(214,3,2,2000.0000,'2018-10-05 14:27:58','Adyen Authorize',NULL,''),(215,3,2,2000.0000,'2018-10-05 14:28:10','Adyen Authorize',NULL,''),(216,3,2,2000.0000,'2018-10-05 14:29:24','Adyen Authorize',NULL,''),(217,3,2,2000.0000,'2018-10-05 14:29:52','Adyen Authorize',NULL,''),(218,3,2,2000.0000,'2018-10-05 14:31:50','Adyen Authorize',NULL,''),(219,3,2,2000.0000,'2018-10-05 14:33:19','Adyen Authorize',NULL,''),(220,3,2,2500.5000,'2018-10-05 14:38:07','Adyen Authorize',NULL,''),(221,3,2,2500.5000,'2018-10-05 14:38:36','Adyen Authorize',NULL,''),(222,3,2,2500.5000,'2018-10-05 14:38:48','Adyen Authorize',NULL,''),(223,3,2,2500.5000,'2018-10-05 14:39:07','Adyen Authorize',NULL,''),(224,3,2,2500.5000,'2018-10-05 14:39:17','Adyen Authorize',NULL,''),(225,3,2,2500.5000,'2018-10-05 14:39:36','Adyen Authorize',NULL,''),(226,3,2,2500.5000,'2018-10-05 14:39:48','Adyen Authorize',NULL,''),(227,3,2,2500.5000,'2018-10-05 14:40:02','Adyen Authorize',NULL,''),(228,3,2,2500.5000,'2018-10-05 14:40:05','Adyen Authorize',NULL,''),(229,3,2,2500.5000,'2018-10-05 14:40:14','Adyen Authorize',NULL,''),(230,3,2,2500.5000,'2018-10-05 14:40:24','Adyen Authorize',NULL,''),(231,3,2,2500.5000,'2018-10-05 14:41:27','Adyen Authorize',NULL,''),(232,3,2,2500.5000,'2018-10-05 14:41:44','Adyen Authorize',NULL,''),(233,3,2,2500.5000,'2018-10-05 14:41:55','Adyen Authorize',NULL,''),(234,3,2,2500.5000,'2018-10-05 14:42:03','Adyen Authorize',NULL,''),(235,3,2,2500.5000,'2018-10-05 14:42:14','Adyen Authorize',NULL,''),(236,3,2,3281.2800,'2018-10-05 14:48:37','Adyen Authorize',NULL,''),(237,3,2,3281.2800,'2018-10-05 14:50:09','Adyen Authorize',NULL,''),(238,3,2,3281.2800,'2018-10-05 14:50:17','Adyen Authorize',NULL,''),(239,3,0,3281.2800,'2018-10-05 15:01:36','Adyen Authorize',NULL,''),(240,3,2,3281.2800,'2018-10-05 15:02:23','Adyen Authorize',NULL,''),(241,3,0,3281.2800,'2018-10-05 15:02:52','Adyen Authorize',NULL,''),(242,3,2,1281.2800,'2018-10-05 15:03:49','Adyen Authorize',NULL,''),(243,3,2,1281.2800,'2018-10-05 15:04:01','Adyen Authorize',NULL,''),(244,3,2,1281.2800,'2018-10-05 15:04:11','Adyen Authorize',NULL,''),(245,3,0,1281.2800,'2018-10-05 15:05:31','Adyen Authorize','{\"pspReference\":\"8515387645383970\",\"refusalReason\":\"CVC Declined\",\"resultCode\":\"Refused\"}',''),(246,3,2,1281.2800,'2018-10-05 15:06:15','Adyen Authorize',NULL,''),(247,3,2,1281.2800,'2018-10-05 15:06:40','Adyen Authorize',NULL,''),(248,3,2,1281.2800,'2018-10-05 15:06:58','Adyen Authorize',NULL,''),(249,3,0,1281.2800,'2018-10-05 15:07:20','Adyen Authorize','{\"pspReference\":\"8825387646460145\",\"refusalReason\":\"CVC Declined\",\"resultCode\":\"Refused\"}',''),(250,3,0,1281.2800,'2018-10-05 15:08:40','Adyen Authorize','{\"pspReference\":\"8525387647270561\",\"refusalReason\":\"CVC Declined\",\"resultCode\":\"Refused\"}',''),(251,3,0,1281.2800,'2018-10-05 15:09:24','Adyen Authorize','{\"pspReference\":\"8535387647701316\",\"resultCode\":\"Authorised\",\"authCode\":\"32975\"}',''),(252,3,0,780.7800,'2018-10-05 15:10:27','Adyen Authorize','{\"pspReference\":\"8815387648341717\",\"resultCode\":\"Authorised\",\"authCode\":\"37803\"}',''),(253,3,2,500.5000,'2018-10-05 15:15:31','Adyen Authorize',NULL,''),(254,3,2,500.5000,'2018-10-05 15:17:10','Adyen Authorize',NULL,''),(255,3,2,500.5000,'2018-10-05 15:17:39','Adyen Authorize',NULL,''),(256,3,2,500.5000,'2018-10-05 15:18:02','Adyen Authorize',NULL,''),(257,3,2,500.5000,'2018-10-05 15:19:54','Adyen Authorize',NULL,''),(258,3,2,500.5000,'2018-10-05 15:21:20','Adyen Authorize',NULL,''),(259,3,2,500.5000,'2018-10-05 15:21:36','Adyen Authorize',NULL,''),(260,3,2,500.5000,'2018-10-05 15:21:51','Adyen Authorize',NULL,''),(261,3,2,500.5000,'2018-10-05 15:21:58','Adyen Authorize',NULL,''),(262,3,0,500.5000,'2018-10-05 15:22:35','Adyen Authorize','{\"pspReference\":\"8815387655610608\",\"resultCode\":\"Authorised\",\"authCode\":\"3123\"}',''),(263,3,0,780.7800,'2018-10-05 15:24:04','Adyen Authorize','{\"pspReference\":\"8825387656514450\",\"refusalReason\":\"CVC Declined\",\"resultCode\":\"Refused\"}',''),(264,3,0,1561.5600,'2018-10-05 19:02:19','Adyen Authorize','{\"pspReference\":\"8515387787462889\",\"refusalReason\":\"FRAUD\",\"resultCode\":\"Refused\"}',''),(265,3,2,1561.5600,'2018-10-05 19:46:18','Adyen Authorize',NULL,''),(266,3,2,1561.5600,'2018-10-05 19:47:36','Adyen Authorize',NULL,''),(267,3,2,1561.5600,'2018-10-05 19:48:11','Adyen Authorize',NULL,''),(268,3,0,1561.5600,'2018-10-05 19:48:49','Adyen Authorize','{\"pspReference\":\"8825387815356496\",\"resultCode\":\"Authorised\",\"authCode\":\"11009\"}',''),(269,3,0,500.5000,'2018-10-05 19:50:04','Adyen Authorize','{\"pspReference\":\"8825387816101917\",\"refusalReason\":\"Refused\",\"resultCode\":\"Refused\"}',''),(270,3,0,500.5000,'2018-10-05 19:59:33','Adyen Authorize','\"{\\\"pspReference\\\":\\\"8525387821800688\\\",\\\"refusalReason\\\":\\\"Refused\\\",\\\"resultCode\\\":\\\"Refused\\\"}\"',''),(271,3,0,150.0000,'2018-10-05 20:03:21','Adyen Authorize','\"{\\\"pspReference\\\":\\\"8815387824079800\\\",\\\"refusalReason\\\":\\\"Refused\\\",\\\"resultCode\\\":\\\"Refused\\\"}\"',''),(272,3,0,780.7800,'2018-10-05 20:14:25','Adyen Authorize','{\"pspReference\":\"8825387830712921\",\"refusalReason\":\"Refused\",\"resultCode\":\"Refused\"}',''),(273,3,0,780.7800,'2018-10-05 20:14:49','Adyen Authorize','{\"pspReference\":\"8535387830950001\",\"refusalReason\":\"CVC Declined\",\"resultCode\":\"Refused\"}',''),(274,3,0,780.7800,'2018-10-05 20:15:25','Adyen Authorize','{\"pspReference\":\"8515387831310779\",\"resultCode\":\"Authorised\",\"authCode\":\"6905\"}',''),(275,3,0,1561.5600,'2018-10-05 20:33:20','Adyen Authorize','{\"pspReference\":\"8825387842062067\",\"resultCode\":\"Authorised\",\"authCode\":\"39957\"}',''),(276,3,0,500.5000,'2018-10-05 20:36:14','Adyen Authorize','{\"pspReference\":\"8525387843803744\",\"refusalReason\":\"CVC Declined\",\"resultCode\":\"Refused\"}',''),(277,3,4,500.5000,'2018-10-05 20:37:21','Adyen Authorize','{\"pspReference\":\"8535387844471085\",\"refusalReason\":\"CVC Declined\",\"resultCode\":\"Refused\"}',''),(278,3,2,500.5000,'2018-10-05 20:40:38','Adyen Authorize',NULL,''),(279,3,5,500.5000,'2018-10-05 20:40:51','Adyen Authorize','{\"pspReference\":\"8525387846573286\",\"refusalReason\":\"CVC Declined\",\"resultCode\":\"Refused\"}',''),(280,3,4,500.5000,'2018-10-05 20:41:41','Adyen Authorize','{\"pspReference\":\"8815387847072451\",\"resultCode\":\"Authorised\",\"authCode\":\"3195\"}',''),(281,3,4,780.7800,'2018-10-05 21:12:22','Adyen Authorize','{\"pspReference\":\"8515387865483344\",\"resultCode\":\"Authorised\",\"authCode\":\"69107\"}','');
/*!40000 ALTER TABLE `sales_order` ENABLE KEYS */;
UNLOCK TABLES;

--
-- Table structure for table `sales_order_item`
--

DROP TABLE IF EXISTS `sales_order_item`;
/*!40101 SET @saved_cs_client     = @@character_set_client */;
/*!40101 SET character_set_client = utf8 */;
CREATE TABLE `sales_order_item` (
  `id` int(11) NOT NULL AUTO_INCREMENT,
  `order_id` int(11) NOT NULL,
  `merchant_id` int(11) NOT NULL,
  `name` text COLLATE utf8_unicode_ci NOT NULL,
  `price` decimal(15,4) NOT NULL,
  `qty` int(11) DEFAULT NULL,
  `ticket_type` varchar(255) COLLATE utf8_unicode_ci DEFAULT NULL,
  `product_data` blob,
  PRIMARY KEY (`id`),
  KEY `idx-sales_order_item-order_id` (`order_id`),
  KEY `idx-sales_order_item-merchant_id` (`merchant_id`),
  CONSTRAINT `fk-sales_order_item-merchant_id` FOREIGN KEY (`merchant_id`) REFERENCES `user` (`id`) ON DELETE CASCADE,
  CONSTRAINT `fk-sales_order_item-order_id` FOREIGN KEY (`order_id`) REFERENCES `sales_order` (`id`) ON DELETE CASCADE
) ENGINE=InnoDB AUTO_INCREMENT=318 DEFAULT CHARSET=utf8 COLLATE=utf8_unicode_ci;
/*!40101 SET character_set_client = @saved_cs_client */;

--
-- Dumping data for table `sales_order_item`
--

LOCK TABLES `sales_order_item` WRITE;
/*!40000 ALTER TABLE `sales_order_item` DISABLE KEYS */;
INSERT INTO `sales_order_item` VALUES (1,33,1,'new event name changed__Student',200.2000,1,'Event',NULL),(2,34,1,'Event Name 38__Free',0.0000,1,'Event',NULL),(3,34,1,'this is new event__Student',10.0100,3,'Event',NULL),(4,34,1,'Event Name__Free',0.0000,2,'Event',NULL),(5,34,1,'Another test event__VIP',780.0000,1,'Event',NULL),(6,35,1,'new event name changed__Group',149.9800,1,'Event',NULL),(7,36,1,'this is new event__Student',10.0100,2,'Event',NULL),(8,37,1,'this is new event__Group',149.9800,1,'Event',NULL),(9,39,1,'new event name changed__Plat',399.0000,2,'Event',NULL),(10,39,1,'Event Name__Free',0.0000,2,'Event',NULL),(11,39,1,'Another test event__VIP',780.0000,1,'Event',NULL),(12,40,1,'Event Name__Free',0.0000,1,'Event',NULL),(13,40,1,'Another test event__VIP',780.0000,1,'Event',NULL),(28,60,1,'Another test event__VIP',780.0000,1,'Event',NULL),(29,61,1,'Another test event__Free',0.0000,1,'Event',NULL),(30,61,1,'Another test event__VIP',780.0000,1,'Event',NULL),(31,62,1,'Event Name 38__Free',0.0000,1,'Event',NULL),(32,63,1,'Event Name 38__Free',0.0000,1,'Event',NULL),(35,66,1,'Event Name 38__Free',0.0000,1,'Event',NULL),(36,67,1,'Event Name 38__Free',0.0000,1,'Event',NULL),(37,68,1,'Event Name 38__Free',0.0000,1,'Event',NULL),(38,69,1,'Event Name 38__Free',0.0000,3,'Event',NULL),(39,70,1,'new event name changed__Student',200.2000,1,'Event',NULL),(40,70,1,'new event name changed__Group',149.9800,2,'Event',NULL),(41,71,1,'Event Name 38__Free',0.0000,3,'Event',NULL),(42,72,1,'Event Name 38__Free',0.0000,1,'Event',NULL),(43,73,1,'Event Name 38__Free',0.0000,2,'Event',NULL),(44,74,1,'Event Name 38__Free',0.0000,1,'Event',NULL),(45,74,1,'new event name changed__Student',200.2000,1,'Event',NULL),(46,74,1,'new event name changed__Group',149.9800,2,'Event',NULL),(47,75,1,'Event Name 38__Free',0.0000,1,'Event',NULL),(49,77,1,'Test Price Event__Free',0.0000,1,'Event',NULL),(50,78,1,'Test Price Event__Free',0.0000,1,'Event',NULL),(51,79,1,'Test Price Event__Free New',10.0000,1,'Event',NULL),(52,79,1,'Test Price Event__VIP New',380.0000,1,'Event',NULL),(53,79,1,'Test Price Event__Luxury',1000.0000,1,'Event',NULL),(54,80,1,'Test Price Event__Free',0.0000,2,'Event',NULL),(55,81,1,'Test Price Event__Free',0.0000,1,'Event',NULL),(56,82,1,'Test Price Event__Free',0.0000,2,'Event',NULL),(58,84,1,'Test Price Event__Free',0.0000,5,'Event',NULL),(72,98,1,'Test Price Event__Free',0.0000,1,'Event',NULL),(75,101,1,'Test Price Event__Free',0.0000,1,'Event',NULL),(76,102,1,'Test Price Event__Free',0.0000,3,'Event',NULL),(77,103,1,'Test Price Event__Open',10.0000,3,'Event',NULL),(78,103,1,'Test Price Event__VIP',780.0000,2,'Event',NULL),(79,104,1,'Test Price Event__Free',0.0000,1,'Event',NULL),(80,105,1,'Test Price Event__Free',0.0000,1,'Event',NULL),(81,106,1,'Test Price Event__Open',500.0000,4,'Event',NULL),(82,106,1,'Test Price Event__VIP',780.0000,4,'Event',NULL),(83,107,1,'Test Price Event__Open',500.0000,6,'Event',NULL),(84,107,1,'Test Price Event__VIP',780.0000,6,'Event',NULL),(104,127,1,'Test Price Event__Free',0.0000,7,'Event',NULL),(105,128,1,'new event name changed__Free',500.0000,4,'Event',NULL),(106,128,1,'new event name changed__VIP',780.0000,109,'Event',NULL),(107,129,1,'new event name changed__Free',500.0000,1,'Event',NULL),(108,130,1,'new event name changed__Free',500.0000,1,'Event',NULL),(109,131,1,'new event name changed__Free',500.0000,0,'Event',NULL),(110,131,1,'new event name changed__VIP',780.0000,2,'Event',NULL),(111,132,1,'new event name changed__VIP',780.0000,1,'Event',NULL),(112,133,1,'new event name changed__VIP',780.0000,1,'Event',NULL),(113,134,1,'Event Name 38__Free',0.0000,2,'Event',NULL),(114,134,1,'new event name changed__VIP',780.0000,1,'Event',NULL),(115,135,1,'new event name changed__VIP',780.0000,1,'Event',NULL),(116,136,3,'tester enven__Open',10.0000,1,'Event',NULL),(117,136,3,'tester enven__VIP',380.0000,1,'Event',NULL),(118,137,1,'Event Name 38__Free',0.0000,2,'Event',NULL),(119,137,1,'new event name changed__VIP',780.0000,1,'Event',NULL),(120,137,3,'tester enven__VIP',380.0000,1,'Event',NULL),(121,138,1,'Event Name 38__Free',0.0000,1,'Event',NULL),(122,138,1,'new event name changed__VIP',780.0000,1,'Event',NULL),(123,138,3,'tester enven__Open',10.0000,2,'Event',NULL),(124,138,3,'tester enven__VIP',380.0000,1,'Event',NULL),(125,139,1,'new event name changed__VIP',780.0000,1,'Event',NULL),(126,140,1,'new event name changed__VIP',780.0000,1,'Event',NULL),(127,141,1,'new event name changed__VIP',780.0000,1,'Event',NULL),(128,142,1,'new event name changed__Free',500.0000,1,'Event',NULL),(129,143,1,'new event name changed__Free',500.0000,1,'Event',NULL),(130,143,1,'new event name changed__VIP',780.0000,1,'Event',NULL),(131,144,1,'new event name changed__Free',500.0000,1,'Event',NULL),(132,145,1,'new event name changed__VIP',780.0000,1,'Event',NULL),(133,146,1,'new event name changed__Free',500.0000,2,'Event',NULL),(134,146,1,'new event name changed__VIP',780.0000,1,'Event',NULL),(135,147,1,'new event name changed__Free',500.0000,2,'Event',NULL),(136,147,1,'new event name changed__VIP',780.0000,1,'Event',NULL),(138,149,1,'new event name changed__Free',500.0000,2,'Event',NULL),(139,149,1,'new event name changed__VIP',780.0000,1,'Event',NULL),(140,150,1,'new event name changed__VIP',780.0000,1,'Event',NULL),(141,151,1,'Event Name 38__Free',0.0000,1,'Event',NULL),(142,152,1,'new event name changed__Free',500.0000,1,'Event',NULL),(143,152,1,'new event name changed__VIP',780.0000,2,'Event',NULL),(144,153,3,'tester enven__Open',10.0000,3,'Event',NULL),(145,153,3,'tester enven__VIP',380.0000,2,'Event',NULL),(146,154,1,'Event Name 38__Free',0.0000,1,'Event',NULL),(147,154,1,'new event name changed__VIP',780.0000,1,'Event',NULL),(161,168,1,'new event name changed__Free',500.0000,1,'Event',NULL),(162,169,1,'Event Name 38__Free',0.0000,1,'Event',NULL),(163,169,1,'new event name changed__VIP',780.0000,1,'Event',NULL),(164,170,1,'new event name changed__Free',500.0000,1,'Event',NULL),(165,170,1,'new event name changed__VIP',780.0000,1,'Event',NULL),(166,171,3,'tester enven__Open',10.0000,1,'Event',NULL),(167,171,3,'tester enven__VIP',380.0000,1,'Event',NULL),(168,172,1,'new event name changed__VIP',780.0000,1,'Event',NULL),(169,173,1,'new event name changed__Free',500.0000,1,'Event',NULL),(170,174,1,'new event name changed__Free',500.0000,1,'Event',NULL),(171,175,3,'tester enven__Open',10.0000,1,'Event',NULL),(172,176,1,'new event name changed__Free',500.0000,1,'Event',NULL),(173,176,1,'new event name changed__VIP',780.0000,3,'Event',NULL),(174,177,1,'new event name changed__Free',500.0000,1,'Event',NULL),(175,178,1,'Test Price Event__open',500.0000,1,'Event',NULL),(176,178,1,'Test Price Event__VIP New',780.0000,6,'Event',NULL),(177,179,1,'Test Price Event__Luxury',1000.0000,1,'Event',NULL),(178,180,1,'Test Price Event__Luxury',1000.0000,1,'Event',NULL),(179,181,1,'Test Price Event__Luxury',1000.0000,1,'Event',NULL),(180,182,1,'Test Price Event__Luxury',1000.0000,1,'Event',NULL),(181,183,1,'Test Price Event__Luxury',1000.0000,1,'Event',NULL),(182,184,1,'Test Price Event__Luxury',1000.0000,1,'Event',NULL),(183,185,1,'Test Price Event__Luxury',1000.0000,1,'Event',NULL),(184,186,1,'Test Price Event__Luxury',1000.0000,1,'Event',NULL),(185,187,1,'Test Price Event__Luxury',1000.0000,1,'Event',NULL),(186,188,1,'Test Price Event__Luxury',1000.0000,1,'Event',NULL),(187,189,1,'Test Price Event__Luxury',1000.0000,1,'Event',NULL),(188,190,1,'Test Price Event__Luxury',1000.0000,1,'Event',NULL),(189,191,1,'Test Price Event__Luxury',1000.0000,1,'Event',NULL),(190,192,1,'Test Price Event__Luxury',1000.0000,1,'Event',NULL),(191,193,1,'Test Price Event__Luxury',1000.0000,1,'Event',NULL),(192,194,1,'Test Price Event__Luxury',1000.0000,1,'Event',NULL),(193,195,1,'Test Price Event__Luxury',1000.0000,1,'Event',NULL),(194,196,1,'Test Price Event__Luxury',1000.0000,1,'Event',NULL),(195,197,1,'Test Price Event__Luxury',1000.0000,1,'Event',NULL),(196,198,1,'Test Price Event__Luxury',1000.0000,1,'Event',NULL),(197,199,1,'Test Price Event__Luxury',1000.0000,1,'Event',NULL),(198,200,1,'Test Price Event__Luxury',1000.0000,1,'Event',NULL),(199,201,1,'Test Price Event__Luxury',1000.0000,1,'Event',NULL),(200,202,1,'Test Price Event__Luxury',1000.0000,1,'Event',NULL),(201,203,1,'Test Price Event__Luxury',1000.0000,1,'Event',NULL),(202,204,1,'Test Price Event__Luxury',1000.0000,1,'Event',NULL),(203,205,1,'Test Price Event__Luxury',1000.0000,2,'Event',NULL),(204,206,1,'Test Price Event__Luxury',1000.0000,2,'Event',NULL),(205,207,1,'Test Price Event__Luxury',1000.0000,2,'Event',NULL),(206,208,1,'Test Price Event__Luxury',1000.0000,2,'Event',NULL),(207,209,1,'Test Price Event__Luxury',1000.0000,2,'Event',NULL),(208,210,1,'Test Price Event__Luxury',1000.0000,2,'Event',NULL),(209,211,1,'Test Price Event__Luxury',1000.0000,2,'Event',NULL),(210,212,1,'Test Price Event__Luxury',1000.0000,2,'Event',NULL),(211,213,1,'Test Price Event__Luxury',1000.0000,2,'Event',NULL),(212,214,1,'Test Price Event__Luxury',1000.0000,2,'Event',NULL),(213,215,1,'Test Price Event__Luxury',1000.0000,2,'Event',NULL),(214,216,1,'Test Price Event__Luxury',1000.0000,2,'Event',NULL),(215,217,1,'Test Price Event__Luxury',1000.0000,2,'Event',NULL),(216,218,1,'Test Price Event__Luxury',1000.0000,2,'Event',NULL),(217,219,1,'Test Price Event__Luxury',1000.0000,2,'Event',NULL),(218,220,3,'Test Price Event__open',500.5000,1,'Event',NULL),(219,220,3,'Test Price Event__Luxury',1000.0000,2,'Event',NULL),(220,221,3,'Test Price Event__open',500.5000,1,'Event',NULL),(221,221,3,'Test Price Event__Luxury',1000.0000,2,'Event',NULL),(222,222,3,'Test Price Event__open',500.5000,1,'Event',NULL),(223,222,3,'Test Price Event__Luxury',1000.0000,2,'Event',NULL),(224,223,3,'Test Price Event__open',500.5000,1,'Event',NULL),(225,223,3,'Test Price Event__Luxury',1000.0000,2,'Event',NULL),(226,224,3,'Test Price Event__open',500.5000,1,'Event',NULL),(227,224,3,'Test Price Event__Luxury',1000.0000,2,'Event',NULL),(228,225,3,'Test Price Event__open',500.5000,1,'Event',NULL),(229,225,3,'Test Price Event__Luxury',1000.0000,2,'Event',NULL),(230,226,3,'Test Price Event__open',500.5000,1,'Event',NULL),(231,226,3,'Test Price Event__Luxury',1000.0000,2,'Event',NULL),(232,227,3,'Test Price Event__open',500.5000,1,'Event',NULL),(233,227,3,'Test Price Event__Luxury',1000.0000,2,'Event',NULL),(234,228,3,'Test Price Event__open',500.5000,1,'Event',NULL),(235,228,3,'Test Price Event__Luxury',1000.0000,2,'Event',NULL),(236,229,3,'Test Price Event__open',500.5000,1,'Event',NULL),(237,229,3,'Test Price Event__Luxury',1000.0000,2,'Event',NULL),(238,230,3,'Test Price Event__open',500.5000,1,'Event',NULL),(239,230,3,'Test Price Event__Luxury',1000.0000,2,'Event',NULL),(240,231,3,'Test Price Event__open',500.5000,1,'Event',NULL),(241,231,3,'Test Price Event__Luxury',1000.0000,2,'Event',NULL),(242,232,3,'Test Price Event__open',500.5000,1,'Event',NULL),(243,232,3,'Test Price Event__Luxury',1000.0000,2,'Event',NULL),(244,233,3,'Test Price Event__open',500.5000,1,'Event',NULL),(245,233,3,'Test Price Event__Luxury',1000.0000,2,'Event',NULL),(246,234,3,'Test Price Event__open',500.5000,1,'Event',NULL),(247,234,3,'Test Price Event__Luxury',1000.0000,2,'Event',NULL),(248,235,3,'Test Price Event__open',500.5000,1,'Event',NULL),(249,235,3,'Test Price Event__Luxury',1000.0000,2,'Event',NULL),(250,236,3,'Test Price Event__open',500.5000,1,'Event',NULL),(251,236,3,'Test Price Event__VIP New',780.7800,1,'Event',NULL),(252,236,3,'Test Price Event__Luxury',1000.0000,2,'Event',NULL),(253,237,3,'Test Price Event__open',500.5000,1,'Event',NULL),(254,237,3,'Test Price Event__VIP New',780.7800,1,'Event',NULL),(255,237,3,'Test Price Event__Luxury',1000.0000,2,'Event',NULL),(256,238,3,'Test Price Event__open',500.5000,1,'Event',NULL),(257,238,3,'Test Price Event__VIP New',780.7800,1,'Event',NULL),(258,238,3,'Test Price Event__Luxury',1000.0000,2,'Event',NULL),(259,239,3,'Test Price Event__open',500.5000,1,'Event',NULL),(260,239,3,'Test Price Event__VIP New',780.7800,1,'Event',NULL),(261,239,3,'Test Price Event__Luxury',1000.0000,2,'Event',NULL),(262,240,3,'Test Price Event__open',500.5000,1,'Event',NULL),(263,240,3,'Test Price Event__VIP New',780.7800,1,'Event',NULL),(264,240,3,'Test Price Event__Luxury',1000.0000,2,'Event',NULL),(265,241,3,'Test Price Event__open',500.5000,1,'Event',NULL),(266,241,3,'Test Price Event__VIP New',780.7800,1,'Event',NULL),(267,241,3,'Test Price Event__Luxury',1000.0000,2,'Event',NULL),(268,242,3,'Test Price Event__open',500.5000,1,'Event',NULL),(269,242,3,'Test Price Event__VIP New',780.7800,1,'Event',NULL),(270,243,3,'Test Price Event__open',500.5000,1,'Event',NULL),(271,243,3,'Test Price Event__VIP New',780.7800,1,'Event',NULL),(272,244,3,'Test Price Event__open',500.5000,1,'Event',NULL),(273,244,3,'Test Price Event__VIP New',780.7800,1,'Event',NULL),(274,245,3,'Test Price Event__open',500.5000,1,'Event',NULL),(275,245,3,'Test Price Event__VIP New',780.7800,1,'Event',NULL),(276,246,3,'Test Price Event__open',500.5000,1,'Event',NULL),(277,246,3,'Test Price Event__VIP New',780.7800,1,'Event',NULL),(278,247,3,'Test Price Event__open',500.5000,1,'Event',NULL),(279,247,3,'Test Price Event__VIP New',780.7800,1,'Event',NULL),(280,248,3,'Test Price Event__open',500.5000,1,'Event',NULL),(281,248,3,'Test Price Event__VIP New',780.7800,1,'Event',NULL),(282,249,3,'Test Price Event__open',500.5000,1,'Event',NULL),(283,249,3,'Test Price Event__VIP New',780.7800,1,'Event',NULL),(284,250,3,'Test Price Event__open',500.5000,1,'Event',NULL),(285,250,3,'Test Price Event__VIP New',780.7800,1,'Event',NULL),(286,251,3,'Test Price Event__open',500.5000,1,'Event',NULL),(287,251,3,'Test Price Event__VIP New',780.7800,1,'Event',NULL),(288,252,3,'Test Price Event__VIP New',780.7800,1,'Event',NULL),(289,253,3,'Test Price Event__open',500.5000,1,'Event',NULL),(290,254,3,'Test Price Event__open',500.5000,1,'Event',NULL),(291,255,3,'Test Price Event__open',500.5000,1,'Event',NULL),(292,256,3,'Test Price Event__open',500.5000,1,'Event',NULL),(293,257,3,'Test Price Event__open',500.5000,1,'Event',NULL),(294,258,3,'Test Price Event__open',500.5000,1,'Event',NULL),(295,259,3,'Test Price Event__open',500.5000,1,'Event',NULL),(296,260,3,'Test Price Event__open',500.5000,1,'Event',NULL),(297,261,3,'Test Price Event__open',500.5000,1,'Event',NULL),(298,262,3,'Test Price Event__open',500.5000,1,'Event',NULL),(299,263,3,'Test Price Event__VIP New',780.7800,1,'Event',NULL),(300,264,3,'Test Price Event__VIP New',780.7800,2,'Event',NULL),(301,265,3,'Test Price Event__VIP New',780.7800,2,'Event',NULL),(302,266,3,'Test Price Event__VIP New',780.7800,2,'Event',NULL),(303,267,3,'Test Price Event__VIP New',780.7800,2,'Event',NULL),(304,268,3,'Test Price Event__VIP New',780.7800,2,'Event',NULL),(305,269,3,'Test Price Event__open',500.5000,1,'Event',NULL),(306,270,3,'Test Price Event__open',500.5000,1,'Event',NULL),(307,271,3,'Test Price Event__Free',150.0000,1,'Event',NULL),(308,272,3,'Test Price Event__VIP New',780.7800,1,'Event',NULL),(309,273,3,'Test Price Event__VIP New',780.7800,1,'Event',NULL),(310,274,3,'Test Price Event__VIP New',780.7800,1,'Event',NULL),(311,275,3,'Test Price Event__VIP New',780.7800,2,'Event',NULL),(312,276,3,'Test Price Event__open',500.5000,1,'Event',NULL),(313,277,3,'Test Price Event__open',500.5000,1,'Event',NULL),(314,278,3,'Test Price Event__open',500.5000,1,'Event',NULL),(315,279,3,'Test Price Event__open',500.5000,1,'Event',NULL),(316,280,3,'Test Price Event__open',500.5000,1,'Event',NULL),(317,281,3,'Test Price Event__VIP New',780.7800,1,'Event',NULL);
/*!40000 ALTER TABLE `sales_order_item` ENABLE KEYS */;
UNLOCK TABLES;

--
-- Table structure for table `social_account`
--

DROP TABLE IF EXISTS `social_account`;
/*!40101 SET @saved_cs_client     = @@character_set_client */;
/*!40101 SET character_set_client = utf8 */;
CREATE TABLE `social_account` (
  `id` int(11) NOT NULL AUTO_INCREMENT,
  `user_id` int(11) DEFAULT NULL,
  `provider` varchar(255) COLLATE utf8_unicode_ci NOT NULL,
  `client_id` varchar(255) COLLATE utf8_unicode_ci NOT NULL,
  `data` text COLLATE utf8_unicode_ci,
  `code` varchar(32) COLLATE utf8_unicode_ci DEFAULT NULL,
  `created_at` int(11) DEFAULT NULL,
  `email` varchar(255) COLLATE utf8_unicode_ci DEFAULT NULL,
  `username` varchar(255) COLLATE utf8_unicode_ci DEFAULT NULL,
  PRIMARY KEY (`id`),
  UNIQUE KEY `account_unique` (`provider`,`client_id`),
  UNIQUE KEY `account_unique_code` (`code`),
  KEY `fk_user_account` (`user_id`),
  CONSTRAINT `fk_user_account` FOREIGN KEY (`user_id`) REFERENCES `user` (`id`) ON DELETE CASCADE
) ENGINE=InnoDB DEFAULT CHARSET=utf8 COLLATE=utf8_unicode_ci;
/*!40101 SET character_set_client = @saved_cs_client */;

--
-- Dumping data for table `social_account`
--

LOCK TABLES `social_account` WRITE;
/*!40000 ALTER TABLE `social_account` DISABLE KEYS */;
/*!40000 ALTER TABLE `social_account` ENABLE KEYS */;
UNLOCK TABLES;

--
-- Table structure for table `token`
--

DROP TABLE IF EXISTS `token`;
/*!40101 SET @saved_cs_client     = @@character_set_client */;
/*!40101 SET character_set_client = utf8 */;
CREATE TABLE `token` (
  `user_id` int(11) NOT NULL,
  `code` varchar(32) COLLATE utf8_unicode_ci NOT NULL,
  `created_at` int(11) NOT NULL,
  `type` smallint(6) NOT NULL,
  UNIQUE KEY `token_unique` (`user_id`,`code`,`type`),
  CONSTRAINT `fk_user_token` FOREIGN KEY (`user_id`) REFERENCES `user` (`id`) ON DELETE CASCADE
) ENGINE=InnoDB DEFAULT CHARSET=utf8 COLLATE=utf8_unicode_ci;
/*!40101 SET character_set_client = @saved_cs_client */;

--
-- Dumping data for table `token`
--

LOCK TABLES `token` WRITE;
/*!40000 ALTER TABLE `token` DISABLE KEYS */;
/*!40000 ALTER TABLE `token` ENABLE KEYS */;
UNLOCK TABLES;

--
-- Table structure for table `user`
--

DROP TABLE IF EXISTS `user`;
/*!40101 SET @saved_cs_client     = @@character_set_client */;
/*!40101 SET character_set_client = utf8 */;
CREATE TABLE `user` (
  `id` int(11) NOT NULL AUTO_INCREMENT,
  `username` varchar(255) COLLATE utf8_unicode_ci NOT NULL,
  `email` varchar(255) COLLATE utf8_unicode_ci NOT NULL,
  `password_hash` varchar(60) COLLATE utf8_unicode_ci NOT NULL,
  `auth_key` varchar(32) COLLATE utf8_unicode_ci NOT NULL,
  `confirmed_at` int(11) DEFAULT NULL,
  `unconfirmed_email` varchar(255) COLLATE utf8_unicode_ci DEFAULT NULL,
  `blocked_at` int(11) DEFAULT NULL,
  `registration_ip` varchar(45) COLLATE utf8_unicode_ci DEFAULT NULL,
  `created_at` int(11) NOT NULL,
  `updated_at` int(11) NOT NULL,
  `flags` int(11) NOT NULL DEFAULT '0',
  `last_login_at` int(11) DEFAULT NULL,
  `fullname` varchar(32) COLLATE utf8_unicode_ci DEFAULT NULL,
  `cellphone` varchar(14) COLLATE utf8_unicode_ci DEFAULT NULL,
  `dob` date DEFAULT NULL,
  `gender` tinyint(1) DEFAULT NULL,
  `address` varchar(512) COLLATE utf8_unicode_ci DEFAULT NULL,
  `location` text COLLATE utf8_unicode_ci,
  PRIMARY KEY (`id`),
  UNIQUE KEY `user_unique_username` (`username`),
  UNIQUE KEY `user_unique_email` (`email`)
) ENGINE=InnoDB AUTO_INCREMENT=8 DEFAULT CHARSET=utf8 COLLATE=utf8_unicode_ci;
/*!40101 SET character_set_client = @saved_cs_client */;

--
-- Dumping data for table `user`
--

LOCK TABLES `user` WRITE;
/*!40000 ALTER TABLE `user` DISABLE KEYS */;
INSERT INTO `user` VALUES (1,'admin','admin@admin.com','$2y$10$iY8w/QlWo4Lm19dUxojpC.zYKAPKQwAxZjRC1OP7IEEZgmSx56eRG','XjLA1RmDqH2V1t14O9iUPdCUs0adZyHA',1525289391,NULL,NULL,'127.0.0.1',1525289391,1541940282,0,1542448390,'Omid','09123456789','1950-05-11',1,'Valiasr','Tehran Province, Iran'),(2,'test','test@tester.com','$2y$10$YKyokT887WWDDMhKfWBM8uPSvHur6Go8s/6SoY1fuRjZhHIiksJPG','_1Ris4Mb1CgHYUDFgJynoJzdhVykkpFJ',1533300270,NULL,NULL,'127.0.0.1',1533300270,1533300270,0,1533300281,NULL,NULL,NULL,NULL,NULL,NULL),(3,'tester','tester@tester.comm','$2y$10$YixLKzOqDzlIZZO1e3Q1meyAfgE9fvcZh7c8a88OPwfvz3z1ey4/.','mozchKxeQqyRjcj_N9oRP1Oaga-41G1e',1536781425,NULL,NULL,'127.0.0.1',1536781425,1538736777,0,1538736344,'Omid Barza','09205203613','1988-05-12',1,'No. 31, Gisha 41','London, UK'),(4,'testertester','tester@tester.com','$2y$10$hsuh6cZ9FO.w6Wgtdql.b.WvrNe02LcKHMelIZ2TVY1JzvEwOnBcO','V-SUMFV51CQFsKiEnTsFc3ZygOX4JksC',1538443675,NULL,NULL,'127.0.0.1',1538443675,1538443675,0,1538443689,NULL,NULL,NULL,NULL,NULL,NULL),(5,'testerertester','testerer@tester.com','$2y$10$YFdXdNjTM9zf8YDA2EyMNOOXGHD3SyZqieGHCa86BLqMqUM1z2N4u','ZuVviT7meigBgdmSuyqFbDP4CuMEVn8p',1538443754,NULL,NULL,'127.0.0.1',1538443754,1538443754,0,1538443767,NULL,NULL,NULL,NULL,NULL,NULL),(6,'testerertesterer','testerer@testerer.com','$2y$10$c1ZdVWISIUcXu/sx3MGpLOtK437dhNnf2t18BObIkNlkSXmVuv0NO','dTA1x5gky8d78TYPvyfGfMuiSiGSVGHD',1538443901,NULL,NULL,'127.0.0.1',1538443901,1538443901,0,1538444453,NULL,NULL,NULL,NULL,NULL,NULL),(7,'testtest','test@test.com','$2y$10$gPrcMreFuwzD7XlDnLcH..zFC.r4DePoJhD8k.9Ez/LGCTqOe/jfe','OL8PNDzuY80i6JqdPln-yDY-HtkB0hCO',1538445034,NULL,NULL,'127.0.0.1',1538445034,1538445034,0,1538445044,NULL,NULL,NULL,NULL,NULL,NULL);
/*!40000 ALTER TABLE `user` ENABLE KEYS */;
UNLOCK TABLES;
/*!50112 SET @disable_bulk_load = IF (@is_rocksdb_supported, 'SET SESSION rocksdb_bulk_load = @old_rocksdb_bulk_load', 'SET @dummy_rocksdb_bulk_load = 0') */;
/*!50112 PREPARE s FROM @disable_bulk_load */;
/*!50112 EXECUTE s */;
/*!50112 DEALLOCATE PREPARE s */;
/*!40103 SET TIME_ZONE=@OLD_TIME_ZONE */;

/*!40101 SET SQL_MODE=@OLD_SQL_MODE */;
/*!40014 SET FOREIGN_KEY_CHECKS=@OLD_FOREIGN_KEY_CHECKS */;
/*!40014 SET UNIQUE_CHECKS=@OLD_UNIQUE_CHECKS */;
/*!40101 SET CHARACTER_SET_CLIENT=@OLD_CHARACTER_SET_CLIENT */;
/*!40101 SET CHARACTER_SET_RESULTS=@OLD_CHARACTER_SET_RESULTS */;
/*!40101 SET COLLATION_CONNECTION=@OLD_COLLATION_CONNECTION */;
/*!40111 SET SQL_NOTES=@OLD_SQL_NOTES */;

-- Dump completed on 2018-12-16 14:51:21
